time;DUM07;DUM08;DUM09;DUM10;DUM11;DUM12;DUM1217;DUM13;DUM14;DUM1415;DUM15;DUM16;DUM17;DUM18;DUM19;DUM0708;DUM0809;DUM0810;DUM0815;DUM0709;DUM0710;DUM0712;DUM0714;DUM0715;DUM0716;DUM0910;DUM0911;DUM1011;DUM1012;DUM1112;DUM1114;DUM1214;DUM1215;DUM1314;DUM1417;DUM1419;DUM1516;DUM1517;DUM1618;DUM1619;DUM1719;DUM1819;DUM1219;TND0708;TND0709;TND0710;TND0711;TND0810;TND0814;TND0913;TND1119;TND1519;aCONS_SF;aX_SF;aBrIDE_R;aBrIDE_V;aDABSG_TR;aDCOMP_TR;aDIG_TR;aDINTG_TR;aDPERG_TR;aMTCIC;aMTCNA;aPFATA;aPFATIC;aPFATMNA;aPFATG;aRassG;aRassIC_R;aRassM;aRassSHIC_R;aRassSHIC_V;aRassW;aRDMABMK;aRDMACS;aRDMADT;aRDMAEOD;aRDMAFM;aRDMAGON;aRDMALSH;aRDMAMS;aRDMAO;aRDMARSK;aRDMASM;aRDMATTH;aRDMNABMK;aRDMNACS;aRDMNADT;aRDMNAEOD;aRDMNAFM;aRDMNAGON;aRDMNALSH;aRDMNAMS;aRDMNAO;aRDMNARSK;aRDMNASM;aRDMNATTH;aRIR_TR;aRIS_TR;aRlyG_V;aRlyM_R;aRlyM_V;aRlyS_V;aRlyW_V;ARRTOUR;aRSIC;aRTVA_TR;aSSNF_Flux;aTRFM_A;aUIAA;aUIAIA;aUIANA;aUIANAHIA;aUIA_SF;aUIGA;aUIGIA;aUIGNAHIAHIC;aUIICNAHIAHIC;aUIG_SF;aUIMNAA;aUIMNAIA;aUIMNANAHIA;aUIMNAHIC_SF;aUINAA;aUINANA;aCG_SF;AURF_TR;BgBAMdot;BshicWdot;CGA;CGG;CGMNA;choc;CwW_SHICdot;DivBAM;EXM_BPCN;HarmBAM;HarmG;HarmIC;HarmM;HarmW;IPCUE;IPCUSA;IPDBAM;IPPRODA;IPPRODA_Infl;IPS_Flux;IPSA_Flux;IPSNA_Flux;lambdaDBG_IC;lambdaOG;lambdaOIC;lambdaOSHIC;lambdaOW;LG;MuA;MuG;MuIC;MuMNA;ORDTSdot;pA_SIF;PACT;Pble_dolr;Pble_dolr_2007;pCIG_SIF;PFATBAM;phiAoR;POP;POPR;POPU;PPET;PPET_2007;PRODA;PRODBAM_NV;PSG_STR;PSIC_STR;PSSHIC_STR;PSW_STR;PXAPH_dolr;PXAPH_dolr_2007;PXENG_dolr;PXENG_dolr_2007;PXPH_dolr;PXPH_dolr_2007;RAID_TR;RassIC_V;RCST_TR;RETR;RNF_TR;RSBAM_B;RSE_RHMRE;RSE_V;RSG;RTIC_TR;S_IDE_E;S_IDE_S;SCST;SRPM;TAIPTIA;TAIPTIA0;TAIPTNAHIA;TAIPTNAHIA0;TAIPTIC;TauH;tAutreIC;tAutreM;tAutreSHIC;tAutreW;TCDOLR;TCDOLR_2007;TCEURO;TCEURO_2007;tCSSG;tCSSIC;tCSSSHIC;tCSSW;TDDA;TDDIA;TDDNAHIA;TDEC;tDivG;tDivIC;tDivM;tDivSHIC;tDivW;thetaFXCw_G;thetaFXDetteG;TintAOR;TintBAM;TintBw;TintD_IMB;TintRfw_cd;TIPDA;TIPDG;TIPDIC;TIPDMNAHIC;tLNRMNA;tLRNSMNA;tLSAG;tLSMNA;tMBIA;TPSM;TRF_MRE;TRFBAM;TSG_B;TSPDIC;TSPDMNAHIC;TSPTA;TSPTIA;TSPTIA0;TSPTNAHIA;TSPTNAHIA0;TTICIA;TTICIA0;TTICNAHIA;TTICNAHIA0;tTNSMNA;tTRFIC;tTRFSHIC;TRFW_A;TTRPBAM;TTRPIC;TTRPMNA;TTRPSHIC;TTVAIA;TTVAIA0;TTVANAF;TTVANAHIAC;TTVANAHIAC0;TTVAIC;UIBAMNAHIA;UIICNAHIA;VDMHOCP;VIG;VPRODA;VSMIG;VTSAG_B;VXOCP;XSVpartouriste;lambdaDwW_IC;lambdaCwIC_W;lambdaBgSHIC;VPIB_observe;lambdaMFIDM;VPRODA2;PRODA2
0;0;0;0;0;0;0;0;0;0;0;0;0;0;0;1;0;0;0;0;0;0;0;0;0;0;0;0;0;0;0;0;0;0;0;0;1;0;0;0;1;1;1;1;0;0;0;0;0;0;0;9;5;0,212118017;0,212118017;0,03505555;0,011905616;0,704664081;1,115243217;1,210048666;1,066400274;0,819110592;0;-0,012879725;0,00902717;0,004462905;-0,015515211;0,090266909;0,012595528;0,025525694;0,795641098;0,000563227;0,005337409;0,060713275;0,116357823;0,087956921;0,065385564;0,00465333;0,153720516;0,011905171;0,011951317;0,115150598;0,067460204;0,147324781;0,128779091;0,089354683;0,041783444;0,342946642;0,028708435;0,013333906;0,073444596;0,016242953;0,019720754;0,082025023;0,04558401;0,157826398;0,064367128;0,114016713;1,466063503;0,725394139;0,485850609;0,514149391;0,001764142;0,001599863;0,001138227;12932260;0,073574281;1,00193423;0,978256398;0,920705046;0,133358915;0,096204286;0,158464155;0,098659455;0,176293688;0,001283567;0,005316489;0,231210084;0,404710325;0,162270593;0,062245166;0,026245825;0,39162358;0,218148972;0,062454127;0,466147131;0,212118017;14948;205,8003648;2928,151;2100;215317;5550;0;-998,4547724;984,529;-5024,5;530,975762;-3105,406742;6463,79379;-402,2879239;1489,618953;1,584781368;1,535115331;18,775;1,150731537;0,067912726;0,541628865;0,502785136;0,653813913;0,531250939;0,007777866;0,037438356;-0,015093427;-0,029423249;905,5709744;0,081066723;0,200495831;0,23793198;0,254168913;1583,32565;0,00588717;12081,82379;236,9500969;304,2171046;0,656403941;153,697;0,423224949;35586,616;13210,501;22376,115;64,06453846;72,6961705;191976;1464,861;75,46441654;0;19,88269667;4,652886796;675,3270409;488,5830729;322,0348202;376,3086791;80,06510144;53,36135645;4709;0;3796;1176113,886;36405,2536;697,446236;17203,7;6806,1;155924;29900,3;638438,2;61844,7;2287,536143;-18423,7;0,009896413;0,008833516;0,055488581;0,038818082;0,151851887;0,064016802;-0,059016669;0,006008817;0,00397926;2,60E-06;9,616397521;8,1953247;10,76889876;11,2176245;0,443225702;0;0,552717832;0,004056466;0,136626069;0,05163506;0,009737683;0,040007691;0,319014595;0,65413246;0,385519097;0,063351307;0,295466308;0,73869168;0,336544395;1,238062425;2,25;0,43364978;5,1275;1,295266902;0,000531599;0,002292755;0,023194447;0,00977303;0,030891767;0,368157511;0,177283213;0,600950722;0,083447936;13739,10605;64779,1;1388,754;143,4266376;0,00085594;0,000841679;0,002763155;0,024255622;0,039944322;0,028332186;0,059062439;0,084030903;0,063144093;0,059339783;0,060233298;1,662158823;-0,022090458;0,015757693;4979,9;0,262132313;0,31365726;0,044989071;0,261486359;0,050239504;0,046325831;0,10070378;0,147632264;0,146612889;0,054500377;615,836;17646,45413;1,186651444;52622,69659;166829,5287;30879,04584;13,85030558;35787,57338;6523,144447;0,032828262;0,025679464;0,170650412;1010147,422;0,333842454;170166,1192;195815,52
1;0;0;0;0;0;0;0;0;0;0;0;0;0;0;1;0;0;0;0;0;0;0;0;0;0;0;0;0;0;0;0;0;0;0;0;1;0;0;0;1;1;1;1;0;0;0;0;0;0;0;9;5;0,212118017;0,212118017;0,03505555;0,011905616;0,704664081;1,115243217;1,210048666;1,066400274;0,819110592;0;-0,012879725;0,00902717;0,004462905;-0,015515211;0,090266909;0,012595528;0,025525694;0,795641098;0,000563227;0,005337409;0,060713275;0,116357823;0,087956921;0,065385564;0,00465333;0,153720516;0,011905171;0,011951317;0,115150598;0,067460204;0,147324781;0,128779091;0,089354683;0,041783444;0,342946642;0,028708435;0,013333906;0,073444596;0,016242953;0,019720754;0,082025023;0,04558401;0,157826398;0,064367128;0,114016713;1,466063503;0,725394139;0,485850609;0,514149391;0,001764142;0,001599863;0,001138227;13416702,46;0,073574281;1,00193423;0,978256398;0,920705046;0,133358915;0,096204286;0,158464155;0,098659455;0,176293688;0,001283567;0,005316489;0,231210084;0,404710325;0,162270593;0,062245166;0,026245825;0,39162358;0,218148972;0,062454127;0,466147131;0,212118017;15545,92;0;2928,151;2186,1;224140,897;5777,55;0;6310,339818;984,529;-5024,5;530,975762;-3105,406742;6463,79379;-402,2879239;1489,618953;1,608553089;1,558142061;18,775;1,168048371;0,015048544;0,549753298;0,510326913;0,663621122;0,531250939;0,007777866;0,037438356;-0,015093427;-0,029423249;914,6266841;0,081066723;0,200495831;0,23793198;0,254168913;1583,32565;0,00588717;12266,22409;240,5043484;304,2171046;0,656403941;153,697;0,423224949;35951,657;13168,219;22783,438;65,02550654;72,6961705;200710,908;1464,861;75,46441654;0;19,88269667;4,652886796;682,0247639;488,5830729;329,9746562;376,3086791;81,26607797;53,36135645;4897,36;0;3947,84;1214126,919;37861,46375;697,446236;17575,35477;7215,002743;162313,9149;29900,3;638438,2;61844,7;2287,536143;-18423,7;0,009896413;0,008833516;0,055488581;0,038818082;0,151851887;0,064016802;-0,059016669;0,006008817;0,00397926;2,60E-06;9,616397521;8,1953247;10,76889876;11,2176245;0,443225702;0;0,552717832;0,004056466;0,136626069;0,05163506;0,009737683;0,040007691;0,319014595;0,65413246;0,385519097;0,063351307;0,295466308;0,73869168;0,339011132;1,238062425;2,25;0,43364978;5,394121165;1,295266902;0,000531599;0,002292755;0,023194447;0,00977303;0,030891767;0,368157511;0,177283213;0,600950722;0,083447936;14323,15123;68018,055;1388,754;147,8261373;0,00085594;0,000841679;0,002763155;0,024255622;0,039944322;0,028332186;0,059062439;0,084030903;0,063144093;0,059339783;0,060233298;1,662158823;-0,022090458;0,015757693;4979,9;0,262132313;0,31365726;0,044989071;0,261486359;0,050239504;0,046325831;0,10070378;0,147632264;0,146612889;0,054500377;695,689;17646,45413;1,222250987;54446,25538;171834,4145;30879,04584;13,8510417;36667,00611;6523,144447;0,032828262;0,025679464;0,170650412;1039948,099;0,333842454;175271,1028;204725,1262
2;0;0;0;0;0;0;0;0;0;0;0;0;0;0;1;0;0;0;0;0;0;0;0;0;0;0;0;0;0;0;0;0;0;0;0;1;0;0;0;1;1;1;1;0;0;0;0;0;0;0;9;5;0,212118017;0,212118017;0,03505555;0,011905616;0,704664081;1,115243217;1,210048666;1,066400274;0,819110592;0;-0,012879725;0,00902717;0,004462905;-0,015515211;0,090266909;0,012595528;0,025525694;0,795641098;0,000563227;0,005337409;0,060713275;0,116357823;0,087956921;0,065385564;0,00465333;0,153720516;0,011905171;0,011951317;0,115150598;0,067460204;0,147324781;0,128779091;0,089354683;0,041783444;0,342946642;0,028708435;0,013333906;0,073444596;0,016242953;0,019720754;0,082025023;0,04558401;0,157826398;0,064367128;0,114016713;1,466063503;0,725394139;0,485850609;0,514149391;0,001764142;0,001599863;0,001138227;13919292,13;0,073574281;1,00193423;0,978256398;0,920705046;0,133358915;0,096204286;0,158464155;0,098659455;0,176293688;0,001283567;0,005316489;0,231210084;0,404710325;0,162270593;0,062245166;0,026245825;0,39162358;0,218148972;0,062454127;0,466147131;0,212118017;16167,7568;0;2928,151;2275,7301;233330,8419;6014,42955;0;6310,339818;984,529;-5024,5;530,975762;-3105,406742;6463,79379;-402,2879239;1489,618953;1,632681385;1,581514192;18,775;1,185625798;0,015048544;0,557999598;0,517981817;0,673575439;0,531250939;0,007777866;0,037438356;-0,015093427;-0,029423249;923,772951;0,081066723;0,200495831;0,23793198;0,254168913;1583,32565;0,00588717;12451,23091;244,1119136;304,2171046;0,656403941;153,697;0,423224949;36313,189;13124,289;23188,9;66,00088913;72,6961705;209843,2543;1464,861;75,46441654;0;19,88269667;4,652886796;692,2551354;488,5830729;334,924276;376,3086791;82,48506913;53,36135645;5093,2544;0;4105,7536;1253368,568;39375,9223;697,446236;17955,03847;7648,471898;168968,9072;29900,3;638438,2;61844,7;2287,536143;-18423,7;0,009896413;0,008833516;0,055488581;0,038818082;0,151851887;0,064016802;-0,059016669;0,006008817;0,00397926;2,60E-06;9,616397521;8,1953247;10,76889876;11,2176245;0,443225702;0;0,552717832;0,004056466;0,136626069;0,05163506;0,009737683;0,040007691;0,319014595;0,65413246;0,385519097;0,063351307;0,295466308;0,73869168;0,339011132;1,238062425;2,25;0,43364978;5,394121165;1,295266902;0,000531599;0,002292755;0,023194447;0,00977303;0,030891767;0,368157511;0,177283213;0,600950722;0,083447936;14932,02399;71418,95775;1388,754;152,363485;0,00085594;0,000841679;0,002763155;0,024255622;0,039944322;0,028332186;0,059062439;0,084030903;0,063144093;0,059339783;0,060233298;1,662158823;-0,022090458;0,015757693;4979,9;0,262132313;0,31365726;0,044989071;0,261486359;0,050239504;0,046325831;0,10070378;0,147632264;0,146612889;0,054500377;695,689;17646,45413;1,258918517;56333,0068;176989,4469;30879,04584;13,85177785;37568,04975;6523,144447;0,032828262;0,025679464;0,170650412;1071337,997;0,333842454;180529,2359;214040,1194
3;0;0;0;0;0;0;0;0;0;0;0;0;0;0;1;0;0;0;0;0;0;0;0;0;0;0;0;0;0;0;0;0;0;0;0;1;0;0;0;1;1;1;1;0;0;0;0;0;0;0;9;5;0,212118017;0,212118017;0,03505555;0,011905616;0,704664081;1,115243217;1,210048666;1,066400274;0,819110592;0;-0,012879725;0,00902717;0,004462905;-0,015515211;0,090266909;0,012595528;0,025525694;0,795641098;0,000563227;0,005337409;0,060713275;0,116357823;0,087956921;0,065385564;0,00465333;0,153720516;0,011905171;0,011951317;0,115150598;0,067460204;0,147324781;0,128779091;0,089354683;0,041783444;0,342946642;0,028708435;0,013333906;0,073444596;0,016242953;0,019720754;0,082025023;0,04558401;0,157826398;0,064367128;0,114016713;1,466063503;0,725394139;0,485850609;0,514149391;0,001764142;0,001599863;0,001138227;14440708,82;0,073574281;1,00193423;0,978256398;0,920705046;0,133358915;0,096204286;0,158464155;0,098659455;0,176293688;0,001283567;0,005316489;0,231210084;0,404710325;0,162270593;0,062245166;0,026245825;0,39162358;0,218148972;0,062454127;0,466147131;0,212118017;16814,46707;0;2928,151;2369,035034;242897,5745;6261,021162;0;6310,339818;984,529;-5024,5;530,975762;-3105,406742;6463,79379;-402,2879239;1489,618953;1,657171606;1,605236905;18,775;1,20346774;0,015048544;0,566369592;0,525751544;0,68367907;0,531250939;0,007777866;0,037438356;-0,015093427;-0,029423249;933,0106805;0,081066723;0,200495831;0,23793198;0,254168913;1583,32565;0,00588717;12636,78689;247,7735923;304,2171046;0,656403941;153,697;0,423224949;36670,216;13078,633;23591,583;66,99090247;72,6961705;219391,1224;1464,861;75,46441654;0;19,88269667;4,652886796;702,6389624;488,5830729;339,9481402;376,3086791;83,72234517;53,36135645;5296,984576;0;4269,983744;1293878,541;40950,95919;697,446236;18342,92454;8107,983386;175896,7541;29900,3;638438,2;61844,7;2287,536143;-18423,7;0,009896413;0,008833516;0,055488581;0,038818082;0,151851887;0,064016802;-0,059016669;0,006008817;0,00397926;2,60E-06;9,616397521;8,1953247;10,76889876;11,2176245;0,443225702;0;0,552717832;0,004056466;0,136626069;0,05163506;0,009737683;0,040007691;0,319014595;0,65413246;0,385519097;0,063351307;0,295466308;0,73869168;0,339011132;1,238062425;2,25;0,43364978;5,394121165;1,295266902;0,000531599;0,002292755;0,023194447;0,00977303;0,030891767;0,368157511;0,177283213;0,600950722;0,083447936;15566,77974;74989,90564;1388,754;157,0400967;0,00085594;0,000841679;0,002763155;0,024255622;0,039944322;0,028332186;0,059062439;0,084030903;0,063144093;0,059339783;0,060233298;1,662158823;-0,022090458;0,015757693;4979,9;0,262132313;0,31365726;0,044989071;0,261486359;0,050239504;0,046325831;0,10070378;0,147632264;0,146612889;0,054500377;695,689;17646,45413;1,296686072;58285,1407;182299,1304;30879,04584;13,85251404;38491,23535;6523,144447;0,032828262;0,025679464;0,170650412;1105375,445;0,333842454;185945,113;223778,9448
4;0;0;0;0;0;0;0;0;0;0;0;0;0;0;1;0;0;0;0;0;0;0;0;0;0;0;0;0;0;0;0;0;0;0;0;1;0;0;0;1;1;1;1;0;0;0;0;0;0;0;9;5;0,212118017;0,212118017;0,03505555;0,011905616;0,704664081;1,115243217;1,210048666;1,066400274;0,819110592;0;-0,012879725;0,00902717;0,004462905;-0,015515211;0,090266909;0,012595528;0,025525694;0,795641098;0,000563227;0,005337409;0,060713275;0,116357823;0,087956921;0,065385564;0,00465333;0,153720516;0,011905171;0,011951317;0,115150598;0,067460204;0,147324781;0,128779091;0,089354683;0,041783444;0,342946642;0,028708435;0,013333906;0,073444596;0,016242953;0,019720754;0,082025023;0,04558401;0,157826398;0,064367128;0,114016713;1,466063503;0,725394139;0,485850609;0,514149391;0,001764142;0,001599863;0,001138227;14981657,77;0,073574281;1,00193423;0,978256398;0,920705046;0,133358915;0,096204286;0,158464155;0,098659455;0,176293688;0,001283567;0,005316489;0,231210084;0,404710325;0,162270593;0,062245166;0,026245825;0,39162358;0,218148972;0,062454127;0,466147131;0,212118017;17487,04575;0;2928,151;2466,16547;252856,5431;6517,723029;0;6310,339818;984,529;-5024,5;530,975762;-3105,406742;6463,79379;-402,2879239;1489,618953;1,68202918;1,629315458;18,775;1,221578177;0,015048544;0,574865136;0,533637817;0,693934256;0,531250939;0,007777866;0,037438356;-0,015093427;-0,029423249;942,3407873;0,081066723;0,200495831;0,23793198;0,254168913;1583,32565;0,00588717;12822,83352;251,4901962;304,2171046;0,656403941;153,697;0,423224949;37022,385;13031,34;23991,045;67,99576601;72,6961705;229373,4185;1464,861;75,46441654;0;19,88269667;4,652886796;713,1785469;488,5830729;345,0473623;376,3086791;84,97818035;53,36135645;5508,863959;0;4440,783094;1335697,832;42588,99756;697,446236;18739,1902;8595,101802;183108,6428;29900,3;638438,2;61844,7;2287,536143;-18423,7;0,009896413;0,008833516;0,055488581;0,038818082;0,151851887;0,064016802;-0,059016669;0,006008817;0,00397926;2,60E-06;9,616397521;8,1953247;10,76889876;11,2176245;0,443225702;0;0,552717832;0,004056466;0,136626069;0,05163506;0,009737683;0,040007691;0,319014595;0,65413246;0,385519097;0,063351307;0,295466308;0,73869168;0,339011132;1,238062425;2,25;0,43364978;5,394121165;1,295266902;0,000531599;0,002292755;0,023194447;0,00977303;0,030891767;0,368157511;0,177283213;0,600950722;0,083447936;16228,51877;78739,40092;1388,754;161,8602468;0,00085594;0,000841679;0,002763155;0,024255622;0,039944322;0,028332186;0,059062439;0,084030903;0,063144093;0,059339783;0,060233298;1,662158823;-0,022090458;0,015757693;4979,9;0,262132313;0,31365726;0,044989071;0,261486359;0,050239504;0,046325831;0,10070378;0,147632264;0,146612889;0,054500377;695,689;17646,45413;1,335586654;60304,92281;187768,1043;30879,04584;13,85325028;39437,10703;6523,144447;0,032828262;0,025679464;0,170650412;1140735,759;0,333842454;191523,4663;233960,8868
5;0;0;0;0;0;0;0;0;0;0;0;0;0;0;1;0;0;0;0;0;0;0;0;0;0;0;0;0;0;0;0;0;0;0;0;1;0;0;0;1;1;1;1;0;0;0;0;0;0;0;9;5;0,212118017;0,212118017;0,03505555;0,011905616;0,704664081;1,115243217;1,210048666;1,066400274;0,819110592;0;-0,012879725;0,00902717;0,004462905;-0,015515211;0,090266909;0,012595528;0,025525694;0,795641098;0,000563227;0,005337409;0,060713275;0,116357823;0,087956921;0,065385564;0,00465333;0,153720516;0,011905171;0,011951317;0,115150598;0,067460204;0,147324781;0,128779091;0,089354683;0,041783444;0,342946642;0,028708435;0,013333906;0,073444596;0,016242953;0,019720754;0,082025023;0,04558401;0,157826398;0,064367128;0,114016713;1,466063503;0,725394139;0,485850609;0,514149391;0,001764142;0,001599863;0,001138227;15542870,67;0,073574281;1,00193423;0,978256398;0,920705046;0,133358915;0,096204286;0,158464155;0,098659455;0,176293688;0,001283567;0,005316489;0,231210084;0,404710325;0,162270593;0,062245166;0,026245825;0,39162358;0,218148972;0,062454127;0,466147131;0,212118017;18186,52759;0;2928,151;2567,278255;263223,8295;6784,949673;0;6310,339818;984,529;-5024,5;530,975762;-3105,406742;6463,79379;-402,2879239;1489,618953;1,707259618;1,65375519;18,775;1,239961149;0,015048544;0,583488113;0,541642384;0,70434327;0,531250939;0,007777866;0,037438356;-0,015093427;-0,029423249;951,7641951;0,081066723;0,200495831;0,23793198;0,254168913;1583,32565;0,00588717;13009,31113;255,2625491;304,2171046;0,656403941;153,697;0,423224949;37369,652;12982,692;24386,96;69,0157025;72,6961705;239809,909;1464,861;75,46441654;0;19,88269667;4,652886796;723,8762251;488,5830729;350,2230727;376,3086791;86,25285305;53,36135645;5729,218517;0;4618,414418;1378868,759;44292,55746;697,446236;19144,01645;9111,485738;190616,2188;29900,3;638438,2;61844,7;2287,536143;-18423,7;0,009896413;0,008833516;0,055488581;0,038818082;0,151851887;0,064016802;-0,059016669;0,006008817;0,00397926;2,60E-06;9,616397521;8,1953247;10,76889876;11,2176245;0,443225702;0;0,552717832;0,004056466;0,136626069;0,05163506;0,009737683;0,040007691;0,319014595;0,65413246;0,385519097;0,063351307;0,295466308;0,73869168;0,339011132;1,238062425;2,25;0,43364978;5,394121165;1,295266902;0,000531599;0,002292755;0,023194447;0,00977303;0,030891767;0,368157511;0,177283213;0,600950722;0,083447936;16918,38812;82676,37097;1388,754;166,8283411;0,00085594;0,000841679;0,002763155;0,024255622;0,039944322;0,028332186;0,059062439;0,084030903;0,063144093;0,059339783;0,060233298;1,662158823;-0,022090458;0,015757693;4979,9;0,262132313;0,31365726;0,044989071;0,261486359;0,050239504;0,046325831;0,10070378;0,147632264;0,146612889;0,054500377;695,689;17646,45413;1,375654254;62394,69736;193401,1474;30879,04584;13,85398655;40406,22226;6523,144447;0,032828262;0,025679464;0,170650412;1177311,999;0,333842454;197269,1703;244606,1072
6;0;0;0;0;0;0;0;0;0;0;0;0;0;0;1;0;0;0;0;0;0;0;0;0;0;0;0;0;0;0;0;0;0;0;0;1;0;0;0;1;1;1;1;0;0;0;0;0;0;0;9;5;0,212118017;0,212118017;0,03505555;0,011905616;0,704664081;1,115243217;1,210048666;1,066400274;0,819110592;0;-0,012879725;0,00902717;0,004462905;-0,015515211;0,090266909;0,012595528;0,025525694;0,795641098;0,000563227;0,005337409;0,060713275;0,116357823;0,087956921;0,065385564;0,00465333;0,153720516;0,011905171;0,011951317;0,115150598;0,067460204;0,147324781;0,128779091;0,089354683;0,041783444;0,342946642;0,028708435;0,013333906;0,073444596;0,016242953;0,019720754;0,082025023;0,04558401;0,157826398;0,064367128;0,114016713;1,466063503;0,725394139;0,485850609;0,514149391;0,001764142;0,001599863;0,001138227;16125106,6;0,073574281;1,00193423;0,978256398;0,920705046;0,133358915;0,096204286;0,158464155;0,098659455;0,176293688;0,001283567;0,005316489;0,231210084;0,404710325;0,162270593;0,062245166;0,026245825;0,39162358;0,218148972;0,062454127;0,466147131;0,212118017;18913,98869;0;2928,151;2672,536663;274016,1746;7063,13261;0;6310,339818;984,529;-5024,5;530,975762;-3105,406742;6463,79379;-402,2879239;1489,618953;1,732868512;1,678561518;18,775;1,258620759;0,015048544;0,592240434;0,54976702;0,714908419;0,531250939;0,007777866;0,037438356;-0,015093427;-0,029423249;961,2818371;0,081066723;0,200495831;0,23793198;0,254168913;1583,32565;0,00588717;13196,15895;259,0914874;304,2171046;0,656403941;153,697;0,423224949;37712,153;12932,954;24779,199;70,05093804;72,6961705;250721,2599;1464,861;75,46441654;0;19,88269667;4,652886796;734,7343684;488,5830729;355,4764188;376,3086791;87,54664585;53,36135645;5958,387258;0;4803,150994;1423435,008;46064,25976;697,446236;19557,58824;9658,893433;198431,6056;29900,3;638438,2;61844,7;2287,536143;-18423,7;0,009896413;0,008833516;0,055488581;0,038818082;0,151851887;0,064016802;-0,059016669;0,006008817;0,00397926;2,60E-06;9,616397521;8,1953247;10,76889876;11,2176245;0,443225702;0;0,552717832;0,004056466;0,136626069;0,05163506;0,009737683;0,040007691;0,319014595;0,65413246;0,385519097;0,063351307;0,295466308;0,73869168;0,339011132;1,238062425;2,25;0,43364978;5,394121165;1,295266902;0,000531599;0,002292755;0,023194447;0,00977303;0,030891767;0,368157511;0,177283213;0,600950722;0,083447936;17637,58361;86810,18951;1388,754;171,9489205;0,00085594;0,000841679;0,002763155;0,024255622;0,039944322;0,028332186;0,059062439;0,084030903;0,063144093;0,059339783;0,060233298;1,662158823;-0,022090458;0,015757693;4979,9;0,262132313;0,31365726;0,044989071;0,261486359;0,050239504;0,046325831;0,10070378;0,147632264;0,146612889;0,054500377;695,689;17646,45413;1,416923882;64556,88984;199203,1818;30879,04584;13,85472286;41399,15223;6523,144447;0,032828262;0,025679464;0,170650412;1215137,585;0,333842454;203187,2455;255735,685
7;0;0;0;0;0;0;0;0;0;0;0;0;0;0;1;0;0;0;0;0;0;0;0;0;0;0;0;0;0;0;0;0;0;0;0;1;0;0;0;1;1;1;1;0;0;0;0;0;0;0;9;5;0,212118017;0,212118017;0,03505555;0,011905616;0,704664081;1,115243217;1,210048666;1,066400274;0,819110592;0;-0,012879725;0,00902717;0,004462905;-0,015515211;0,090266909;0,012595528;0,025525694;0,795641098;0,000563227;0,005337409;0,060713275;0,116357823;0,087956921;0,065385564;0,00465333;0,153720516;0,011905171;0,011951317;0,115150598;0,067460204;0,147324781;0,128779091;0,089354683;0,041783444;0,342946642;0,028708435;0,013333906;0,073444596;0,016242953;0,019720754;0,082025023;0,04558401;0,157826398;0,064367128;0,114016713;1,466063503;0,725394139;0,485850609;0,514149391;0,001764142;0,001599863;0,001138227;16729153,1;0,073574281;1,00193423;0,978256398;0,920705046;0,133358915;0,096204286;0,158464155;0,098659455;0,176293688;0,001283567;0,005316489;0,231210084;0,404710325;0,162270593;0,062245166;0,026245825;0,39162358;0,218148972;0,062454127;0,466147131;0,212118017;19670,54824;0;2928,151;2782,110666;285251,0059;7352,721047;0;6310,339818;984,529;-5024,5;530,975762;-3105,406742;6463,79379;-402,2879239;1489,618953;1,75886154;1,703739941;18,775;1,277561168;0,015048544;0,601124041;0,558013525;0,725632045;0,531250939;0,007777866;0,037438356;-0,015093427;-0,029423249;970,8946555;0,081066723;0,200495831;0,23793198;0,254168913;1583,32565;0,00588717;13383,31507;262,9778597;304,2171046;0,656403941;153,697;0,423224949;38049,577;12882,186;25167,391;71,10170211;72,6961705;262129,0772;1464,861;75,46441654;0;19,88269667;4,652886796;745,755384;488,5830729;360,8085651;376,3086791;88,85984554;53,36135645;6196,722748;0;4995,277034;1469441,678;47906,83015;697,446236;19980,0945;10239,18876;206567,4231;29900,3;638438,2;61844,7;2287,536143;-18423,7;0,009896413;0,008833516;0,055488581;0,038818082;0,151851887;0,064016802;-0,059016669;0,006008817;0,00397926;2,60E-06;9,616397521;8,1953247;10,76889876;11,2176245;0,443225702;0;0,552717832;0,004056466;0,136626069;0,05163506;0,009737683;0,040007691;0,319014595;0,65413246;0,385519097;0,063351307;0,295466308;0,73869168;0,339011132;1,238062425;2,25;0,43364978;5,394121165;1,295266902;0,000531599;0,002292755;0,023194447;0,00977303;0,030891767;0,368157511;0,177283213;0,600950722;0,083447936;18387,35187;91150,69899;1388,754;177,226665;0,00085594;0,000841679;0,002763155;0,024255622;0,039944322;0,028332186;0,059062439;0,084030903;0,063144093;0,059339783;0,060233298;1,662158823;-0,022090458;0,015757693;4979,9;0,262132313;0,31365726;0,044989071;0,261486359;0,050239504;0,046325831;0,10070378;0,147632264;0,146612889;0,054500377;695,689;17646,45413;1,459431598;66794,00979;205179,2773;30879,04584;13,85545921;42416,48216;6523,144447;0,032828262;0,025679464;0,170650412;1254263,409;0,333842454;209282,8628;267371,6587
8;0;0;0;0;0;0;0;0;0;0;0;0;0;0;1;0;0;0;0;0;0;0;0;0;0;0;0;0;0;0;0;0;0;0;0;1;0;0;0;1;1;1;1;0;0;0;0;0;0;0;9;5;0,212118017;0,212118017;0,03505555;0,011905616;0,704664081;1,115243217;1,210048666;1,066400274;0,819110592;0;-0,012879725;0,00902717;0,004462905;-0,015515211;0,090266909;0,012595528;0,025525694;0,795641098;0,000563227;0,005337409;0,060713275;0,116357823;0,087956921;0,065385564;0,00465333;0,153720516;0,011905171;0,011951317;0,115150598;0,067460204;0,147324781;0,128779091;0,089354683;0,041783444;0,342946642;0,028708435;0,013333906;0,073444596;0,016242953;0,019720754;0,082025023;0,04558401;0,157826398;0,064367128;0,114016713;1,466063503;0,725394139;0,485850609;0,514149391;0,001764142;0,001599863;0,001138227;17355827,17;0,073574281;1,00193423;0,978256398;0,920705046;0,133358915;0,096204286;0,158464155;0,098659455;0,176293688;0,001283567;0,005316489;0,231210084;0,404710325;0,162270593;0,062245166;0,026245825;0,39162358;0,218148972;0,062454127;0,466147131;0,212118017;20457,37017;0;2928,151;2896,177204;296946,4652;7654,18261;0;6310,339818;984,529;-5024,5;530,975762;-3105,406742;6463,79379;-402,2879239;1489,618953;1,785244463;1,72929604;18,775;1,296786603;0,015048544;0,610140901;0,566383728;0,736516526;0,531250939;0,007777866;0,037438356;-0,015093427;-0,029423249;980,603602;0,081066723;0,200495831;0,23793198;0,254168913;1583,32565;0,00588717;13570,71657;266,9225276;304,2171046;0,656403941;153,697;0,423224949;38381,174;12830,401;25550,773;72,16822764;72,6961705;274055,9502;1464,861;75,46441654;0;19,88269667;4,652886796;756,9417147;488,5830729;366,2206935;376,3086791;90,19274322;53,36135645;6444,591658;0;5195,088115;1516935,323;49823,10335;697,446236;20411,72825;10854,34757;215036,8092;29900,3;638438,2;61844,7;2287,536143;-18423,7;0,009896413;0,008833516;0,055488581;0,038818082;0,151851887;0,064016802;-0,059016669;0,006008817;0,00397926;2,60E-06;9,616397521;8,1953247;10,76889876;11,2176245;0,443225702;0;0,552717832;0,004056466;0,136626069;0,05163506;0,009737683;0,040007691;0,319014595;0,65413246;0,385519097;0,063351307;0,295466308;0,73869168;0,339011132;1,238062425;2,25;0,43364978;5,394121165;1,295266902;0,000531599;0,002292755;0,023194447;0,00977303;0,030891767;0,368157511;0,177283213;0,600950722;0,083447936;19168,99256;95708,23394;1388,754;182,6663988;0,00085594;0,000841679;0,002763155;0,024255622;0,039944322;0,028332186;0,059062439;0,084030903;0,063144093;0,059339783;0,060233298;1,662158823;-0,022090458;0,015757693;4979,9;0,262132313;0,31365726;0,044989071;0,261486359;0,050239504;0,046325831;0,10070378;0,147632264;0,146612889;0,054500377;695,689;17646,45413;1,503214546;69108,65369;211334,6556;30879,04584;13,8561956;43458,81164;6523,144447;0,032828262;0,025679464;0,170650412;1294752,404;0,333842454;215561,3487;279537,0692
9;0;0;0;0;0;0;0;0;0;0;0;0;0;0;1;0;0;0;0;0;0;0;0;0;0;0;0;0;0;0;0;0;0;0;0;1;0;0;0;1;1;1;1;0;0;0;0;0;0;0;9;5;0,212118017;0,212118017;0,03505555;0,011905616;0,704664081;1,115243217;1,210048666;1,066400274;0,819110592;0;-0,012879725;0,00902717;0,004462905;-0,015515211;0,090266909;0,012595528;0,025525694;0,795641098;0,000563227;0,005337409;0,060713275;0,116357823;0,087956921;0,065385564;0,00465333;0,153720516;0,011905171;0,011951317;0,115150598;0,067460204;0,147324781;0,128779091;0,089354683;0,041783444;0,342946642;0,028708435;0,013333906;0,073444596;0,016242953;0,019720754;0,082025023;0,04558401;0,157826398;0,064367128;0,114016713;1,466063503;0,725394139;0,485850609;0,514149391;0,001764142;0,001599863;0,001138227;18005976,46;0,073574281;1,00193423;0,978256398;0,920705046;0,133358915;0,096204286;0,158464155;0,098659455;0,176293688;0,001283567;0,005316489;0,231210084;0,404710325;0,162270593;0,062245166;0,026245825;0,39162358;0,218148972;0,062454127;0,466147131;0,212118017;21275,66497;0;2928,151;3014,920469;309121,4384;7968,004097;0;6310,339818;984,529;-5024,5;530,975762;-3105,406742;6463,79379;-402,2879239;1489,618953;1,81202313;1,755235481;18,775;1,316301353;0,015048544;0,619293015;0,574879484;0,747564274;0,531250939;0,007777866;0,037438356;-0,015093427;-0,029423249;990,409638;0,081066723;0,200495831;0,23793198;0,254168913;1583,32565;0,00588717;13758,29945;270,9263655;304,2171046;0,656403941;153,697;0,423224949;38705,839;12777,524;25928,315;73,25075105;72,6961705;286525,4959;1464,861;75,46441654;0;19,88269667;4,652886796;768,2958404;488,5830729;371,7140039;376,3086791;91,54563437;53,36135645;6702,375325;0;5402,89164;1565964,005;51816,02749;697,446236;20852,68665;11506,46442;223853,4401;29900,3;638438,2;61844,7;2287,536143;-18423,7;0,009896413;0,008833516;0,055488581;0,038818082;0,151851887;0,064016802;-0,059016669;0,006008817;0,00397926;2,60E-06;9,616397521;8,1953247;10,76889876;11,2176245;0,443225702;0;0,552717832;0,004056466;0,136626069;0,05163506;0,009737683;0,040007691;0,319014595;0,65413246;0,385519097;0,063351307;0,295466308;0,73869168;0,339011132;1,238062425;2,25;0,43364978;5,394121165;1,295266902;0,000531599;0,002292755;0,023194447;0,00977303;0,030891767;0,368157511;0,177283213;0,600950722;0,083447936;19983,86055;100493,6456;1388,754;188,2730936;0,00085594;0,000841679;0,002763155;0,024255622;0,039944322;0,028332186;0,059062439;0,084030903;0,063144093;0,059339783;0,060233298;1,662158823;-0,022090458;0,015757693;4979,9;0,262132313;0,31365726;0,044989071;0,261486359;0,050239504;0,046325831;0,10070378;0,147632264;0,146612889;0,054500377;695,689;17646,45413;1,548310982;71503,50803;217674,6953;30879,04584;13,85693203;44526,755;6523,144447;0,032828262;0,025679464;0,170650412;1336694,765;0,333842454;222028,1892;292256,0058
10;0;0;0;0;0;0;0;0;0;0;0;0;0;0;1;0;0;0;0;0;0;0;0;0;0;0;0;0;0;0;0;0;0;0;0;1;0;0;0;1;1;1;1;0;0;0;0;0;0;0;9;5;0,212118017;0,212118017;0,03505555;0,011905616;0,704664081;1,115243217;1,210048666;1,066400274;0,819110592;0;-0,012879725;0,00902717;0,004462905;-0,015515211;0,090266909;0,012595528;0,025525694;0,795641098;0,000563227;0,005337409;0,060713275;0,116357823;0,087956921;0,065385564;0,00465333;0,153720516;0,011905171;0,011951317;0,115150598;0,067460204;0,147324781;0,128779091;0,089354683;0,041783444;0,342946642;0,028708435;0,013333906;0,073444596;0,016242953;0,019720754;0,082025023;0,04558401;0,157826398;0,064367128;0,114016713;1,466063503;0,725394139;0,485850609;0,514149391;0,001764142;0,001599863;0,001138227;18680480,34;0,073574281;1,00193423;0,978256398;0,920705046;0,133358915;0,096204286;0,158464155;0,098659455;0,176293688;0,001283567;0,005316489;0,231210084;0,404710325;0,162270593;0,062245166;0,026245825;0,39162358;0,218148972;0,062454127;0,466147131;0,212118017;22126,69157;0;2928,151;3138,532208;321795,5855;8294,692265;0;6310,339818;984,529;-5024,5;530,975762;-3105,406742;6463,79379;-402,2879239;1489,618953;1,839203477;1,781564013;18,775;1,336109772;0,015048544;0,62858241;0,583502676;0,758777738;0,531250939;0,007777866;0,037438356;-0,015093427;-0,029423249;1000,313734;0,081066723;0,200495831;0,23793198;0,254168913;1583,32565;0,00588717;13945,99872;274,990261;304,2171046;0,656403941;153,697;0,423224949;39022,517;12723,539;26298,978;74,34951232;72,6961705;299562,406;1464,861;75,46441654;0;19,88269667;4,652886796;779,8202781;488,5830729;377,289714;376,3086791;92,91881888;53,36135645;6970,470338;0;5619,007306;1616577,337;53888,66859;697,446236;21303,17117;12197,75971;233031,5529;29900,3;638438,2;61844,7;2287,536143;-18423,7;0,009896413;0,008833516;0,055488581;0,038818082;0,151851887;0,064016802;-0,059016669;0,006008817;0,00397926;2,60E-06;9,616397521;8,1953247;10,76889876;11,2176245;0,443225702;0;0,552717832;0,004056466;0,136626069;0,05163506;0,009737683;0,040007691;0,319014595;0,65413246;0,385519097;0,063351307;0,295466308;0,73869168;0,339011132;1,238062425;2,25;0,43364978;5,394121165;1,295266902;0,000531599;0,002292755;0,023194447;0,00977303;0,030891767;0,368157511;0,177283213;0,600950722;0,083447936;20833,36832;105518,3279;1388,754;194,0518741;0,00085594;0,000841679;0,002763155;0,024255622;0,039944322;0,028332186;0,059062439;0,084030903;0,063144093;0,059339783;0,060233298;1,662158823;-0,022090458;0,015757693;4979,9;0,262132313;0,31365726;0,044989071;0,261486359;0,050239504;0,046325831;0,10070378;0,147632264;0,146612889;0,054500377;695,689;17646,45413;1,594760312;73981,35236;224204,9361;30879,04584;13,8576685;45620,94166;6523,144447;0,032828262;0,025679464;0,170650412;1380267,594;0,333842454;228689,0348;305553,6541
11;0;0;0;0;0;0;0;0;0;0;0;0;0;0;1;0;0;0;0;0;0;0;0;0;0;0;0;0;0;0;0;0;0;0;0;1;0;0;0;1;1;1;1;0;0;0;0;0;0;0;9;5;0,212118017;0,212118017;0,03505555;0,011905616;0,704664081;1,115243217;1,210048666;1,066400274;0,819110592;0;-0,012879725;0,00902717;0,004462905;-0,015515211;0,090266909;0,012595528;0,025525694;0,795641098;0,000563227;0,005337409;0,060713275;0,116357823;0,087956921;0,065385564;0,00465333;0,153720516;0,011905171;0,011951317;0,115150598;0,067460204;0,147324781;0,128779091;0,089354683;0,041783444;0,342946642;0,028708435;0,013333906;0,073444596;0,016242953;0,019720754;0,082025023;0,04558401;0,157826398;0,064367128;0,114016713;1,466063503;0,725394139;0,485850609;0,514149391;0,001764142;0,001599863;0,001138227;19380251,13;0,073574281;1,00193423;0,978256398;0,920705046;0,133358915;0,096204286;0,158464155;0,098659455;0,176293688;0,001283567;0,005316489;0,231210084;0,404710325;0,162270593;0,062245166;0,026245825;0,39162358;0,218148972;0,062454127;0,466147131;0,212118017;23011,75923;0;2928,151;3267,212029;334989,3726;8634,774648;0;6310,339818;984,529;-5024,5;530,975762;-3105,406742;6463,79379;-402,2879239;1489,618953;1,866791529;1,808287473;18,775;1,356216278;0,015048544;0,638011146;0,592255217;0,770159404;0,531250939;0,007777866;0,037438356;-0,015093427;-0,029423249;1010,316872;0,081066723;0,200495831;0,23793198;0,254168913;1583,32565;0,00588717;14133,74842;279,1151149;304,2171046;0,656403941;153,697;0,423224949;39329,985;12668,439;26661,546;75,464755;72,6961705;313192,4955;1464,861;75,46441654;0;19,88269667;4,652886796;791,5175822;488,5830729;382,9490597;376,3086791;94,31260117;53,36135645;7249,289151;0;5843,767598;1668826,536;56044,21533;697,446236;21763,38759;12930,58723;242585,9683;29900,3;638438,2;61844,7;2287,536143;-18423,7;0,009896413;0,008833516;0,055488581;0,038818082;0,151851887;0,064016802;-0,059016669;0,006008817;0,00397926;2,60E-06;9,616397521;8,1953247;10,76889876;11,2176245;0,443225702;0;0,552717832;0,004056466;0,136626069;0,05163506;0,009737683;0,040007691;0,319014595;0,65413246;0,385519097;0,063351307;0,295466308;0,73869168;0,339011132;1,238062425;2,25;0,43364978;5,394121165;1,295266902;0,000531599;0,002292755;0,023194447;0,00977303;0,030891767;0,368157511;0,177283213;0,600950722;0,083447936;21718,98842;110794,2443;1388,754;200,008022;0,00085594;0,000841679;0,002763155;0,024255622;0,039944322;0,028332186;0,059062439;0,084030903;0,063144093;0,059339783;0,060233298;1,662158823;-0,022090458;0,015757693;4979,9;0,262132313;0,31365726;0,044989071;0,261486359;0,050239504;0,046325831;0,10070378;0,147632264;0,146612889;0,054500377;695,689;17646,45413;1,642603121;76545,06259;230931,0842;30879,04584;13,858405;46742,01653;6523,144447;0,032828262;0,025679464;0,170650412;1426329,114;0,333842454;235549,7059;319456,3454
12;0;0;0;0;0;0;0;0;0;0;0;0;0;0;1;0;0;0;0;0;0;0;0;0;0;0;0;0;0;0;0;0;0;0;0;1;0;0;0;1;1;1;1;0;0;0;0;0;0;0;9;5;0,212118017;0,212118017;0,03505555;0,011905616;0,704664081;1,115243217;1,210048666;1,066400274;0,819110592;0;-0,012879725;0,00902717;0,004462905;-0,015515211;0,090266909;0,012595528;0,025525694;0,795641098;0,000563227;0,005337409;0,060713275;0,116357823;0,087956921;0,065385564;0,00465333;0,153720516;0,011905171;0,011951317;0,115150598;0,067460204;0,147324781;0,128779091;0,089354683;0,041783444;0,342946642;0,028708435;0,013333906;0,073444596;0,016242953;0,019720754;0,082025023;0,04558401;0,157826398;0,064367128;0,114016713;1,466063503;0,725394139;0,485850609;0,514149391;0,001764142;0,001599863;0,001138227;20106235,34;0,073574281;1,00193423;0,978256398;0,920705046;0,133358915;0,096204286;0,158464155;0,098659455;0,176293688;0,001283567;0,005316489;0,231210084;0,404710325;0,162270593;0,062245166;0,026245825;0,39162358;0,218148972;0,062454127;0,466147131;0,212118017;23932,2296;0;2928,151;3401,167722;348724,105;8988,800408;0;6310,339818;984,529;-5024,5;530,975762;-3105,406742;6463,79379;-402,2879239;1489,618953;1,894793402;1,835411785;18,775;1,376625358;0,015048544;0,647581314;0,601139045;0,781711795;0,531250939;0,007777866;0,037438356;-0,015093427;-0,029423249;1020,42004;0,081066723;0,200495831;0,23793198;0,254168913;1583,32565;0,00588717;14321,48165;283,3018416;304,2171046;0,656403941;153,697;0,423224949;39627,9995;12612,45762;27015,54188;76,59672633;72,6961705;327442,754;1464,861;75,46441654;0;19,88269667;4,652886796;803,390346;488,5830729;388,6932956;376,3086791;95,72729019;53,36135645;7539,260717;0;6077,518302;1722764,476;58285,98394;697,446236;22233,54615;13707,4422;252532,1147;29900,3;638438,2;61844,7;2287,536143;-18423,7;0,009896413;0,008833516;0,055488581;0,038818082;0,151851887;0,064016802;-0,059016669;0,006008817;0,00397926;2,60E-06;9,616397521;8,1953247;10,76889876;11,2176245;0,443225702;0;0,552717832;0,004056466;0,136626069;0,05163506;0,009737683;0,040007691;0,319014595;0,65413246;0,385519097;0,063351307;0,295466308;0,73869168;0,339011132;1,238062425;2,25;0,43364978;5,394121165;1,295266902;0,000531599;0,002292755;0,023194447;0,00977303;0,030891767;0,368157511;0,177283213;0,600950722;0,083447936;22642,25595;116333,9565;1388,754;206,1469815;0,00085594;0,000841679;0,002763155;0,024255622;0,039944322;0,028332186;0,059062439;0,084030903;0,063144093;0,059339783;0,060233298;1,662158823;-0,022090458;0,015757693;4979,9;0,262132313;0,31365726;0,044989071;0,261486359;0,050239504;0,046325831;0,10070378;0,147632264;0,146612889;0,054500377;695,689;17646,45413;1,691881215;79197,61427;237859,0167;30879,04584;13,85914155;47890,64035;6523,144447;0,032828262;0,025679464;0,170650412;1483383,353;0,333842454;242616,1971;333991,6091
13;0;0;0;0;0;0;0;0;0;0;0;0;0;0;1;0;0;0;0;0;0;0;0;0;0;0;0;0;0;0;0;0;0;0;0;1;0;0;0;1;1;1;1;0;0;0;0;0;0;0;9;5;0,212118017;0,212118017;0,03505555;0,011905616;0,704664081;1,115243217;1,210048666;1,066400274;0,819110592;0;-0,012879725;0,00902717;0,004462905;-0,015515211;0,090266909;0,012595528;0,025525694;0,795641098;0,000563227;0,005337409;0,060713275;0,116357823;0,087956921;0,065385564;0,00465333;0,153720516;0,011905171;0,011951317;0,115150598;0,067460204;0,147324781;0,128779091;0,089354683;0,041783444;0,342946642;0,028708435;0,013333906;0,073444596;0,016242953;0,019720754;0,082025023;0,04558401;0,157826398;0,064367128;0,114016713;1,466063503;0,725394139;0,485850609;0,514149391;0,001764142;0,001599863;0,001138227;20859414,91;0,073574281;1,00193423;0,978256398;0,920705046;0,133358915;0,096204286;0,158464155;0,098659455;0,176293688;0,001283567;0,005316489;0,231210084;0,404710325;0,162270593;0,062245166;0,026245825;0,39162358;0,218148972;0,062454127;0,466147131;0,212118017;24889,51879;0;2928,151;3540,615599;363021,9614;9357,341225;0;6310,339818;984,529;-5024,5;530,975762;-3105,406742;6463,79379;-402,2879239;1489,618953;1,923215303;1,862942962;18,775;1,397341565;0,015048544;0,657295033;0,610156131;0,793437472;0,531250939;0,007777866;0,037438356;-0,015093427;-0,029423249;1030,624241;0,081066723;0,200495831;0,23793198;0,254168913;1583,32565;0,00588717;14509,13061;287,5513692;304,2171046;0,656403941;153,697;0,423224949;39916,3252;12555,8299;27360,4953;77,74567722;72,6961705;342341,3993;1464,861;75,46441654;0;19,88269667;4,652886796;815,4412011;488,5830729;394,523695;376,3086791;97,16319954;53,36135645;7840,831146;0;6320,619034;1778445,737;60617,4233;697,446236;22713,86163;14530,96973;262886,0531;29900,3;638438,2;61844,7;2287,536143;-18423,7;0,009896413;0,008833516;0,055488581;0,038818082;0,151851887;0,064016802;-0,059016669;0,006008817;0,00397926;2,60E-06;9,616397521;8,1953247;10,76889876;11,2176245;0,443225702;0;0,552717832;0,004056466;0,136626069;0,05163506;0,009737683;0,040007691;0,319014595;0,65413246;0,385519097;0,063351307;0,295466308;0,73869168;0,339011132;1,238062425;2,25;0,43364978;5,394121165;1,295266902;0,000531599;0,002292755;0,023194447;0,00977303;0,030891767;0,368157511;0,177283213;0,600950722;0,083447936;23604,7713;122150,6544;1388,754;212,4743635;0,00085594;0,000841679;0,002763155;0,024255622;0,039944322;0,028332186;0,059062439;0,084030903;0,063144093;0,059339783;0,060233298;1,662158823;-0,022090458;0,015757693;4979,9;0,262132313;0,31365726;0,044989071;0,261486359;0,050239504;0,046325831;0,10070378;0,147632264;0,146612889;0,054500377;695,689;17646,45413;1,742637651;81942,08605;244994,7872;30879,04584;13,85987813;49067,49009;6523,144447;0,032828262;0,025679464;0,170650412;1539890,173;0,333842454;249894,683;349188,2273
14;0;0;0;0;0;0;0;0;0;0;0;0;0;0;1;0;0;0;0;0;0;0;0;0;0;0;0;0;0;0;0;0;0;0;0;1;0;0;0;1;1;1;1;0;0;0;0;0;0;0;9;5;0,212118017;0,212118017;0,03505555;0,011905616;0,704664081;1,115243217;1,210048666;1,066400274;0,819110592;0;-0,012879725;0,00902717;0,004462905;-0,015515211;0,090266909;0,012595528;0,025525694;0,795641098;0,000563227;0,005337409;0,060713275;0,116357823;0,087956921;0,065385564;0,00465333;0,153720516;0,011905171;0,011951317;0,115150598;0,067460204;0,147324781;0,128779091;0,089354683;0,041783444;0,342946642;0,028708435;0,013333906;0,073444596;0,016242953;0,019720754;0,082025023;0,04558401;0,157826398;0,064367128;0,114016713;1,466063503;0,725394139;0,485850609;0,514149391;0,001764142;0,001599863;0,001138227;21640808,6;0,073574281;1,00193423;0,978256398;0,920705046;0,133358915;0,096204286;0,158464155;0,098659455;0,176293688;0,001283567;0,005316489;0,231210084;0,404710325;0,162270593;0,062245166;0,026245825;0,39162358;0,218148972;0,062454127;0,466147131;0,212118017;25885,09954;0;2928,151;3685,780838;377906,0299;9740,992215;0;6310,339818;984,529;-5024,5;530,975762;-3105,406742;6463,79379;-402,2879239;1489,618953;1,952063532;1,890887106;18,775;1,41836952;0,015048544;0,667154459;0,619308473;0,805339034;0,531250939;0,007777866;0,037438356;-0,015093427;-0,029423249;1040,930483;0,081066723;0,200495831;0,23793198;0,254168913;1583,32565;0,00588717;14696,62661;291,8646398;304,2171046;0,656403941;153,697;0,423224949;40194,73539;12498,79165;27695,94375;78,91186238;72,6961705;357917,933;1464,861;75,46441654;0;19,88269667;4,652886796;827,6728192;488,5830729;400,4415505;376,3086791;98,62064753;53,36135645;8154,464392;0;6573,443795;1835926,665;63042,12023;697,446236;23204,55346;15403,97385;273664,503;29900,3;638438,2;61844,7;2287,536143;-18423,7;0,009896413;0,008833516;0,055488581;0,038818082;0,151851887;0,064016802;-0,059016669;0,006008817;0,00397926;2,60E-06;9,616397521;8,1953247;10,76889876;11,2176245;0,443225702;0;0,552717832;0,004056466;0,136626069;0,05163506;0,009737683;0,040007691;0,319014595;0,65413246;0,385519097;0,063351307;0,295466308;0,73869168;0,339011132;1,238062425;2,25;0,43364978;5,394121165;1,295266902;0,000531599;0,002292755;0,023194447;0,00977303;0,030891767;0,368157511;0,177283213;0,600950722;0,083447936;24608,20288;128258,1871;1388,754;218,9959513;0,00085594;0,000841679;0,002763155;0,024255622;0,039944322;0,028332186;0,059062439;0,084030903;0,063144093;0,059339783;0,060233298;1,662158823;-0,022090458;0,015757693;4979,9;0,262132313;0,31365726;0,044989071;0,261486359;0,050239504;0,046325831;0,10070378;0,147632264;0,146612889;0,054500377;695,689;17646,45413;1,794916781;84781,66329;252344,6308;30879,04584;13,86061476;50273,25937;6523,144447;0,032828262;0,025679464;0,170650412;1593358,523;0,333842454;257391,5235;365076,2916
15;0;0;0;0;0;0;0;0;0;0;0;0;0;0;1;0;0;0;0;0;0;0;0;0;0;0;0;0;0;0;0;0;0;0;0;1;0;0;0;1;1;1;1;0;0;0;0;0;0;0;9;5;0,212118017;0,212118017;0,03505555;0,011905616;0,704664081;1,115243217;1,210048666;1,066400274;0,819110592;0;-0,012879725;0,00902717;0,004462905;-0,015515211;0,090266909;0,012595528;0,025525694;0,795641098;0,000563227;0,005337409;0,060713275;0,116357823;0,087956921;0,065385564;0,00465333;0,153720516;0,011905171;0,011951317;0,115150598;0,067460204;0,147324781;0,128779091;0,089354683;0,041783444;0,342946642;0,028708435;0,013333906;0,073444596;0,016242953;0,019720754;0,082025023;0,04558401;0,157826398;0,064367128;0,114016713;1,466063503;0,725394139;0,485850609;0,514149391;0,001764142;0,001599863;0,001138227;22451473,29;0,073574281;1,00193423;0,978256398;0,920705046;0,133358915;0,096204286;0,158464155;0,098659455;0,176293688;0,001283567;0,005316489;0,231210084;0,404710325;0,162270593;0,062245166;0,026245825;0,39162358;0,218148972;0,062454127;0,466147131;0,212118017;26920,50352;0;2928,151;3836,897853;393400,3452;10140,3729;0;6310,339818;984,529;-5024,5;530,975762;-3105,406742;6463,79379;-402,2879239;1489,618953;1,981344485;1,919250413;18,775;1,439713916;0,015048544;0,677161776;0,6285981;0,81741912;0,531250939;0,007777866;0,037438356;-0,015093427;-0,029423249;1051,339788;0,081066723;0,200495831;0,23793198;0,254168913;1583,32565;0,00588717;14883,90016;296,2426093;304,2171046;0,656403941;153,697;0,423224949;40463,01237;12441,57877;28021,4336;80,09554032;72,6961705;374203,1989;1464,861;75,46441654;0;19,88269667;4,652886796;840,0879115;488,5830729;406,4481737;376,3086791;100,0999572;53,36135645;8480,642967;0;6836,381547;1895265,427;65563,80504;697,446236;23705,8458;16329,42708;284884,8694;29900,3;638438,2;61844,7;2287,536143;-18423,7;0,009896413;0,008833516;0,055488581;0,038818082;0,151851887;0,064016802;-0,059016669;0,006008817;0,00397926;2,60E-06;9,616397521;8,1953247;10,76889876;11,2176245;0,443225702;0;0,552717832;0,004056466;0,136626069;0,05163506;0,009737683;0,040007691;0,319014595;0,65413246;0,385519097;0,063351307;0,295466308;0,73869168;0,339011132;1,238062425;2,25;0,43364978;5,394121165;1,295266902;0,000531599;0,002292755;0,023194447;0,00977303;0,030891767;0,368157511;0,177283213;0,600950722;0,083447936;25654,29003;134671,0964;1388,754;225,7177056;0,00085594;0,000841679;0,002763155;0,024255622;0,039944322;0,028332186;0,059062439;0,084030903;0,063144093;0,059339783;0,060233298;1,662158823;-0,022090458;0,015757693;4979,9;0,262132313;0,31365726;0,044989071;0,261486359;0,050239504;0,046325831;0,10070378;0,147632264;0,146612889;0,054500377;695,689;17646,45413;1,848764284;87719,64172;259914,9698;30879,04584;13,86135142;51508,65885;6523,144447;0,032828262;0,025679464;0,170650412;1645244,43;0,333842454;265113,2692;381687,2629
16;0;0;0;0;0;0;0;0;0;0;0;0;0;0;1;0;0;0;0;0;0;0;0;0;0;0;0;0;0;0;0;0;0;0;0;1;0;0;0;1;1;1;1;0;0;0;0;0;0;0;9;5;0,212118017;0,212118017;0,03505555;0,011905616;0,704664081;1,115243217;1,210048666;1,066400274;0,819110592;0;-0,012879725;0,00902717;0,004462905;-0,015515211;0,090266909;0,012595528;0,025525694;0,795641098;0,000563227;0,005337409;0,060713275;0,116357823;0,087956921;0,065385564;0,00465333;0,153720516;0,011905171;0,011951317;0,115150598;0,067460204;0,147324781;0,128779091;0,089354683;0,041783444;0,342946642;0,028708435;0,013333906;0,073444596;0,016242953;0,019720754;0,082025023;0,04558401;0,157826398;0,064367128;0,114016713;1,466063503;0,725394139;0,485850609;0,514149391;0,001764142;0,001599863;0,001138227;23292505,48;0,073574281;1,00193423;0,978256398;0,920705046;0,133358915;0,096204286;0,158464155;0,098659455;0,176293688;0,001283567;0,005316489;0,231210084;0,404710325;0,162270593;0,062245166;0,026245825;0,39162358;0,218148972;0,062454127;0,466147131;0,212118017;27997,32366;0;2928,151;3994,210665;409529,9275;10556,12818;0;6310,339818;984,529;-5024,5;530,975762;-3105,406742;6463,79379;-402,2879239;1489,618953;2,011064652;1,948039169;18,775;1,461379514;0,015048544;0,687319202;0,638027071;0,829680406;0,531250939;0,007777866;0,037438356;-0,015093427;-0,029423249;1061,853186;0,081066723;0,200495831;0,23793198;0,254168913;1583,32565;0,00588717;15070,88097;300,6862485;304,2171046;0,656403941;153,697;0,423224949;40720,94774;12384,4266;28336,52114;81,29697342;72,6961705;391229,4445;1464,861;75,46441654;0;19,88269667;4,652886796;852,6892301;488,5830729;412,5448963;376,3086791;101,6014566;53,36135645;8819,868686;0;7109,836809;1956522,07;68186,35725;697,446236;24217,96765;17310,48047;296565,2708;29900,3;638438,2;61844,7;2287,536143;-18423,7;0,009896413;0,008833516;0,055488581;0,038818082;0,151851887;0,064016802;-0,059016669;0,006008817;0,00397926;2,60E-06;9,616397521;8,1953247;10,76889876;11,2176245;0,443225702;0;0,552717832;0,004056466;0,136626069;0,05163506;0,009737683;0,040007691;0,319014595;0,65413246;0,385519097;0,063351307;0,295466308;0,73869168;0,339011132;1,238062425;2,25;0,43364978;5,394121165;1,295266902;0,000531599;0,002292755;0,023194447;0,00977303;0,030891767;0,368157511;0,177283213;0,600950722;0,083447936;26744,84602;141404,6512;1388,754;232,6457703;0,00085594;0,000841679;0,002763155;0,024255622;0,039944322;0,028332186;0,059062439;0,084030903;0,063144093;0,059339783;0,060233298;1,662158823;-0,022090458;0,015757693;4979,9;0,262132313;0,31365726;0,044989071;0,261486359;0,050239504;0,046325831;0,10070378;0,147632264;0,146612889;0,054500377;695,689;17646,45413;1,904227213;90759,43128;267712,4189;30879,04584;13,86208812;52774,41666;6523,144447;0,032828262;0,025679464;0,170650412;1697057,008;0,333842454;273066,6672;399054,0334
17;0;0;0;0;0;0;0;0;0;0;0;0;0;0;1;0;0;0;0;0;0;0;0;0;0;0;0;0;0;0;0;0;0;0;0;1;0;0;0;1;1;1;1;0;0;0;0;0;0;0;9;5;0,212118017;0,212118017;0,03505555;0,011905616;0,704664081;1,115243217;1,210048666;1,066400274;0,819110592;0;-0,012879725;0,00902717;0,004462905;-0,015515211;0,090266909;0,012595528;0,025525694;0,795641098;0,000563227;0,005337409;0,060713275;0,116357823;0,087956921;0,065385564;0,00465333;0,153720516;0,011905171;0,011951317;0,115150598;0,067460204;0,147324781;0,128779091;0,089354683;0,041783444;0,342946642;0,028708435;0,013333906;0,073444596;0,016242953;0,019720754;0,082025023;0,04558401;0,157826398;0,064367128;0,114016713;1,466063503;0,725394139;0,485850609;0,514149391;0,001764142;0,001599863;0,001138227;24165042,73;0,073574281;1,00193423;0,978256398;0,920705046;0,133358915;0,096204286;0,158464155;0,098659455;0,176293688;0,001283567;0,005316489;0,231210084;0,404710325;0,162270593;0,062245166;0,026245825;0,39162358;0,218148972;0,062454127;0,466147131;0,212118017;29117,21661;0;2928,151;4157,973302;426320,8226;10988,92944;0;6310,339818;984,529;-5024,5;530,975762;-3105,406742;6463,79379;-402,2879239;1489,618953;2,041230622;1,977259757;18,775;1,483371147;0,015048544;0,69762899;0,647597477;0,842125613;0,531250939;0,007777866;0,037438356;-0,015093427;-0,029423249;1072,471718;0,081066723;0,200495831;0,23793198;0,254168913;1583,32565;0,00588717;15257,49798;305,1965422;304,2171046;0,656403941;153,697;0,423224949;40968,34284;12327,56923;28640,7736;82,51642802;72,6961705;409030,3842;1464,861;75,46441654;0;19,88269667;4,652886796;865,4795686;488,5830729;418,7330698;376,3086791;103,1254785;53,36135645;9172,663434;0;7394,230281;2019758,582;70913,81154;697,446236;24741,15296;18350,47444;308724,5686;29900,3;638438,2;61844,7;2287,536143;-18423,7;0,009896413;0,008833516;0,055488581;0,038818082;0,151851887;0,064016802;-0,059016669;0,006008817;0,00397926;2,60E-06;9,616397521;8,1953247;10,76889876;11,2176245;0,443225702;0;0,552717832;0,004056466;0,136626069;0,05163506;0,009737683;0,040007691;0,319014595;0,65413246;0,385519097;0,063351307;0,295466308;0,73869168;0,339011132;1,238062425;2,25;0,43364978;5,394121165;1,295266902;0,000531599;0,002292755;0,023194447;0,00977303;0,030891767;0,368157511;0,177283213;0,600950722;0,083447936;27881,76121;148474,8838;1388,754;239,7864776;0,00085594;0,000841679;0,002763155;0,024255622;0,039944322;0,028332186;0,059062439;0,084030903;0,063144093;0,059339783;0,060233298;1,662158823;-0,022090458;0,015757693;4979,9;0,262132313;0,31365726;0,044989071;0,261486359;0,050239504;0,046325831;0,10070378;0,147632264;0,146612889;0,054500377;695,689;17646,45413;1,961354029;93904,56009;275743,7914;30879,04584;13,86282486;54071,27881;6523,144447;0,032828262;0,025679464;0,170650412;1751995,712;0,333842454;281258,6673;417210,9919
18;0;0;0;0;0;0;0;0;0;0;0;0;0;0;1;0;0;0;0;0;0;0;0;0;0;0;0;0;0;0;0;0;0;0;0;1;0;0;0;1;1;1;1;0;0;0;0;0;0;0;9;5;0,212118017;0,212118017;0,03505555;0,011905616;0,704664081;1,115243217;1,210048666;1,066400274;0,819110592;0;-0,012879725;0,00902717;0,004462905;-0,015515211;0,090266909;0,012595528;0,025525694;0,795641098;0,000563227;0,005337409;0,060713275;0,116357823;0,087956921;0,065385564;0,00465333;0,153720516;0,011905171;0,011951317;0,115150598;0,067460204;0,147324781;0,128779091;0,089354683;0,041783444;0,342946642;0,028708435;0,013333906;0,073444596;0,016242953;0,019720754;0,082025023;0,04558401;0,157826398;0,064367128;0,114016713;1,466063503;0,725394139;0,485850609;0,514149391;0,001764142;0,001599863;0,001138227;25070265,23;0,073574281;1,00193423;0,978256398;0,920705046;0,133358915;0,096204286;0,158464155;0,098659455;0,176293688;0,001283567;0,005316489;0,231210084;0,404710325;0,162270593;0,062245166;0,026245825;0,39162358;0,218148972;0,062454127;0,466147131;0,212118017;30281,90527;0;2928,151;4328,450207;443800,1444;11439,47555;0;6310,339818;984,529;-5024,5;530,975762;-3105,406742;6463,79379;-402,2879239;1489,618953;2,071849082;2,006918653;18,775;1,505693723;0,015048544;0,708093425;0,657311439;0,854757497;0,531250939;0,007777866;0,037438356;-0,015093427;-0,029423249;1083,196435;0,081066723;0,200495831;0,23793198;0,254168913;1583,32565;0,00588717;15443,67945;309,7744903;304,2171046;0,656403941;153,697;0,423224949;41205,00901;12271,23885;28933,77016;83,75417444;72,6961705;427641,2667;1464,861;75,46441654;0;19,88269667;4,652886796;878,4617621;488,5830729;425,0140658;376,3086791;104,6723606;53,36135645;9539,569971;0;7689,999492;2085038,953;73750,364;697,446236;25275,64075;19452,95006;321382,3977;29900,3;638438,2;61844,7;2287,536143;-18423,7;0,009896413;0,008833516;0,055488581;0,038818082;0,151851887;0,064016802;-0,059016669;0,006008817;0,00397926;2,60E-06;9,616397521;8,1953247;10,76889876;11,2176245;0,443225702;0;0,552717832;0,004056466;0,136626069;0,05163506;0,009737683;0,040007691;0,319014595;0,65413246;0,385519097;0,063351307;0,295466308;0,73869168;0,339011132;1,238062425;2,25;0,43364978;5,394121165;1,295266902;0,000531599;0,002292755;0,023194447;0,00977303;0,030891767;0,368157511;0,177283213;0,600950722;0,083447936;29067,00632;155898,628;1388,754;247,1463542;0,00085594;0,000841679;0,002763155;0,024255622;0,039944322;0,028332186;0,059062439;0,084030903;0,063144093;0,059339783;0,060233298;1,662158823;-0,022090458;0,015757693;4979,9;0,262132313;0,31365726;0,044989071;0,261486359;0,050239504;0,046325831;0,10070378;0,147632264;0,146612889;0,054500377;695,689;17646,45413;2,02019465;97158,67851;284016,1052;30879,04584;13,86356164;55400,00964;6523,144447;0,032828262;0,025679464;0,170650412;1814267,291;0,333842454;289696,4273;436194,092
19;0;0;0;0;0;0;0;0;0;0;0;0;0;0;1;0;0;0;0;0;0;0;0;0;0;0;0;0;0;0;0;0;0;0;0;1;0;0;0;1;1;1;1;0;0;0;0;0;0;0;9;5;0,212118017;0,212118017;0,03505555;0,011905616;0,704664081;1,115243217;1,210048666;1,066400274;0,819110592;0;-0,012879725;0,00902717;0,004462905;-0,015515211;0,090266909;0,012595528;0,025525694;0,795641098;0,000563227;0,005337409;0,060713275;0,116357823;0,087956921;0,065385564;0,00465333;0,153720516;0,011905171;0,011951317;0,115150598;0,067460204;0,147324781;0,128779091;0,089354683;0,041783444;0,342946642;0,028708435;0,013333906;0,073444596;0,016242953;0,019720754;0,082025023;0,04558401;0,157826398;0,064367128;0,114016713;1,466063503;0,725394139;0,485850609;0,514149391;0,001764142;0,001599863;0,001138227;26009397,37;0,073574281;1,00193423;0,978256398;0,920705046;0,133358915;0,096204286;0,158464155;0,098659455;0,176293688;0,001283567;0,005316489;0,231210084;0,404710325;0,162270593;0,062245166;0,026245825;0,39162358;0,218148972;0,062454127;0,466147131;0,212118017;31493,18148;0;2928,151;4505,916666;461996,1184;11908,49404;0;6310,339818;984,529;-5024,5;530,975762;-3105,406742;6463,79379;-402,2879239;1489,618953;2,102926818;2,037022433;18,775;1,52835222;0,015048544;0,718714827;0,667171111;0,867578859;0,531250939;0,007777866;0,037438356;-0,015093427;-0,029423249;1094,028399;0,081066723;0,200495831;0,23793198;0,254168913;1583,32565;0,00588717;15629,35297;314,4211077;304,2171046;0,656403941;153,697;0,423224949;41430,76799;12215,66505;29215,10294;85,01048706;72,6961705;447098,9443;1464,861;75,46441654;0;19,88269667;4,652886796;891,6386885;488,5830729;431,3892768;376,3086791;106,242446;53,36135645;9921,15277;0;7997,599472;2152429,243;76700,37856;697,446236;25821,67517;20621,66117;334559,1977;29900,3;638438,2;61844,7;2287,536143;-18423,7;0,009896413;0,008833516;0,055488581;0,038818082;0,151851887;0,064016802;-0,059016669;0,006008817;0,00397926;2,60E-06;9,616397521;8,1953247;10,76889876;11,2176245;0,443225702;0;0,552717832;0,004056466;0,136626069;0,05163506;0,009737683;0,040007691;0,319014595;0,65413246;0,385519097;0,063351307;0,295466308;0,73869168;0,339011132;1,238062425;2,25;0,43364978;5,394121165;1,295266902;0,000531599;0,002292755;0,023194447;0,00977303;0,030891767;0,368157511;0,177283213;0,600950722;0,083447936;30302,63584;163693,5594;1388,754;254,732127;0,00085594;0,000841679;0,002763155;0,024255622;0,039944322;0,028332186;0,059062439;0,084030903;0,063144093;0,059339783;0,060233298;1,662158823;-0,022090458;0,015757693;4979,9;0,262132313;0,31365726;0,044989071;0,261486359;0,050239504;0,046325831;0,10070378;0,147632264;0,146612889;0,054500377;695,689;17646,45413;2,08080049;100525,5634;292536,5883;30879,04584;13,86429846;56761,39229;6523,144447;0,032828262;0,025679464;0,170650412;1875367,146;0,333842454;298387,3201;456040,9232
20;0;0;0;0;0;0;0;0;0;0;0;0;0;0;1;0;0;0;0;0;0;0;0;0;0;0;0;0;0;0;0;0;0;0;0;1;0;0;0;1;1;1;1;0;0;0;0;0;0;0;9;5;0,212118017;0,212118017;0,03505555;0,011905616;0,704664081;1,115243217;1,210048666;1,066400274;0,819110592;0;-0,012879725;0,00902717;0,004462905;-0,015515211;0,090266909;0,012595528;0,025525694;0,795641098;0,000563227;0,005337409;0,060713275;0,116357823;0,087956921;0,065385564;0,00465333;0,153720516;0,011905171;0,011951317;0,115150598;0,067460204;0,147324781;0,128779091;0,089354683;0,041783444;0,342946642;0,028708435;0,013333906;0,073444596;0,016242953;0,019720754;0,082025023;0,04558401;0,157826398;0,064367128;0,114016713;1,466063503;0,725394139;0,485850609;0,514149391;0,001764142;0,001599863;0,001138227;26983709,39;0,073574281;1,00193423;0,978256398;0,920705046;0,133358915;0,096204286;0,158464155;0,098659455;0,176293688;0,001283567;0,005316489;0,231210084;0,404710325;0,162270593;0,062245166;0,026245825;0,39162358;0,218148972;0,062454127;0,466147131;0,212118017;32752,90874;0;2928,151;4690,659249;480938,1274;12396,7423;0;6310,339818;984,529;-5024,5;530,975762;-3105,406742;6463,79379;-402,2879239;1489,618953;2,13447072;2,067577769;18,775;1,551351696;0,015048544;0,729495549;0,677178678;0,880592542;0,531250939;0,007777866;0,037438356;-0,015093427;-0,029423249;1104,968683;0,081066723;0,200495831;0,23793198;0,254168913;1583,32565;0,00588717;15814,44548;319,1374243;304,2171046;0,656403941;153,697;0,423224949;41645,45216;12161,07423;29484,37794;86,28564437;72,6961705;467441,9463;1464,861;75,46441654;0;19,88269667;4,652886796;905,0132689;488,5830729;437,860116;376,3086791;107,8360827;53,36135645;10317,99888;0;8317,503451;2221997,647;79768,3937;697,446236;26379,50568;21860,58711;348276,2465;29900,3;638438,2;61844,7;2287,536143;-18423,7;0,009896413;0,008833516;0,055488581;0,038818082;0,151851887;0,064016802;-0,059016669;0,006008817;0,00397926;2,60E-06;9,616397521;8,1953247;10,76889876;11,2176245;0,443225702;0;0,552717832;0,004056466;0,136626069;0,05163506;0,009737683;0,040007691;0,319014595;0,65413246;0,385519097;0,063351307;0,295466308;0,73869168;0,339011132;1,238062425;2,25;0,43364978;5,394121165;1,295266902;0,000531599;0,002292755;0,023194447;0,00977303;0,030891767;0,368157511;0,177283213;0,600950722;0,083447936;31590,79159;171878,2374;1388,754;262,5507296;0,00085594;0,000841679;0,002763155;0,024255622;0,039944322;0,028332186;0,059062439;0,084030903;0,063144093;0,059339783;0,060233298;1,662158823;-0,022090458;0,015757693;4979,9;0,262132313;0,31365726;0,044989071;0,261486359;0,050239504;0,046325831;0,10070378;0,147632264;0,146612889;0,054500377;695,689;17646,45413;2,143224504;104009,1225;301312,686;30879,04584;13,86503532;58156,22914;6523,144447;0,032828262;0,025679464;0,170650412;1934807,4;0,333842454;307338,9397;476790,7852
21;0;0;0;0;0;0;0;0;0;0;0;0;0;0;1;0;0;0;0;0;0;0;0;0;0;0;0;0;0;0;0;0;0;0;0;1;0;0;0;1;1;1;1;0;0;0;0;0;0;0;9;5;0,212118017;0,212118017;0,03505555;0,011905616;0,704664081;1,115243217;1,210048666;1,066400274;0,819110592;0;-0,012879725;0,00902717;0,004462905;-0,015515211;0,090266909;0,012595528;0,025525694;0,795641098;0,000563227;0,005337409;0,060713275;0,116357823;0,087956921;0,065385564;0,00465333;0,153720516;0,011905171;0,011951317;0,115150598;0,067460204;0,147324781;0,128779091;0,089354683;0,041783444;0,342946642;0,028708435;0,013333906;0,073444596;0,016242953;0,019720754;0,082025023;0,04558401;0,157826398;0,064367128;0,114016713;1,466063503;0,725394139;0,485850609;0,514149391;0,001764142;0,001599863;0,001138227;27994519,15;0,073574281;1,00193423;0,978256398;0,920705046;0,133358915;0,096204286;0,158464155;0,098659455;0,176293688;0,001283567;0,005316489;0,231210084;0,404710325;0,162270593;0,062245166;0,026245825;0,39162358;0,218148972;0,062454127;0,466147131;0,212118017;34063,02509;0;2928,151;4882,976278;500656,7587;12905,00874;0;6310,339818;984,529;-5024,5;530,975762;-3105,406742;6463,79379;-402,2879239;1489,618953;2,166487781;2,098591436;18,775;1,574697279;0,015048544;0,740437982;0,687336358;0,89380143;0,531250939;0,007777866;0,037438356;-0,015093427;-0,029423249;1116,01837;0,081066723;0,200495831;0,23793198;0,254168913;1583,32565;0,00588717;15998,88337;323,9244857;304,2171046;0,656403941;153,697;0,423224949;41848,90491;12107,68889;29741,21602;87,57992903;72,6961705;488710,5548;1464,861;75,46441654;0;19,88269667;4,652886796;918,5884679;488,5830729;444,4280177;376,3086791;109,453624;53,36135645;10730,71884;0;8650,203589;2293814,562;82959,12945;697,446236;26949,38711;23173,9463;362555,6944;29900,3;638438,2;61844,7;2287,536143;-18423,7;0,009896413;0,008833516;0,055488581;0,038818082;0,151851887;0,064016802;-0,059016669;0,006008817;0,00397926;2,60E-06;9,616397521;8,1953247;10,76889876;11,2176245;0,443225702;0;0,552717832;0,004056466;0,136626069;0,05163506;0,009737683;0,040007691;0,319014595;0,65413246;0,385519097;0,063351307;0,295466308;0,73869168;0,339011132;1,238062425;2,25;0,43364978;5,394121165;1,295266902;0,000531599;0,002292755;0,023194447;0,00977303;0,030891767;0,368157511;0,177283213;0,600950722;0,083447936;32933,70644;180472,1492;1388,754;270,6093082;0,00085594;0,000841679;0,002763155;0,024255622;0,039944322;0,028332186;0,059062439;0,084030903;0,063144093;0,059339783;0,060233298;1,662158823;-0,022090458;0,015757693;4979,9;0,262132313;0,31365726;0,044989071;0,261486359;0,050239504;0,046325831;0,10070378;0,147632264;0,146612889;0,054500377;695,689;17646,45413;2,207521239;107613,3991;310352,0666;30879,04584;13,86577222;59585,34228;6523,144447;0,032828262;0,025679464;0,170650412;1994944,777;0,333842454;316559,1079;498484,7659
22;0;0;0;0;0;0;0;0;0;0;0;0;0;0;1;0;0;0;0;0;0;0;0;0;0;0;0;0;0;0;0;0;0;0;0;1;0;0;0;1;1;1;1;0;0;0;0;0;0;0;9;5;0,212118017;0,212118017;0,03505555;0,011905616;0,704664081;1,115243217;1,210048666;1,066400274;0,819110592;0;-0,012879725;0,00902717;0,004462905;-0,015515211;0,090266909;0,012595528;0,025525694;0,795641098;0,000563227;0,005337409;0,060713275;0,116357823;0,087956921;0,065385564;0,00465333;0,153720516;0,011905171;0,011951317;0,115150598;0,067460204;0,147324781;0,128779091;0,089354683;0,041783444;0,342946642;0,028708435;0,013333906;0,073444596;0,016242953;0,019720754;0,082025023;0,04558401;0,157826398;0,064367128;0,114016713;1,466063503;0,725394139;0,485850609;0,514149391;0,001764142;0,001599863;0,001138227;29043193,83;0,073574281;1,00193423;0,978256398;0,920705046;0,133358915;0,096204286;0,158464155;0,098659455;0,176293688;0,001283567;0,005316489;0,231210084;0,404710325;0,162270593;0,062245166;0,026245825;0,39162358;0,218148972;0,062454127;0,466147131;0,212118017;35425,5461;0;2928,151;5083,178306;521183,8539;13434,11409;0;6310,339818;984,529;-5024,5;530,975762;-3105,406742;6463,79379;-402,2879239;1489,618953;2,198985098;2,130070307;18,775;1,59839418;0,015048544;0,751544552;0,697646403;0,907208452;0,531250939;0,007777866;0,037438356;-0,015093427;-0,029423249;1127,178554;0,081066723;0,200495831;0,23793198;0,254168913;1583,32565;0,00588717;16182,59249;328,783353;304,2171046;0,656403941;153,697;0,423224949;42040,98083;12055,72705;29985,25379;88,89362797;72,6961705;510946,8851;1464,861;75,46441654;0;19,88269667;4,652886796;932,3672949;488,5830729;451,094438;376,3086791;111,0954283;53,36135645;11159,94759;0;8996,211733;2367952,664;86277,49463;697,446236;27531,57979;24566,21063;377420,5996;29900,3;638438,2;61844,7;2287,536143;-18423,7;0,009896413;0,008833516;0,055488581;0,038818082;0,151851887;0,064016802;-0,059016669;0,006008817;0,00397926;2,60E-06;9,616397521;8,1953247;10,76889876;11,2176245;0,443225702;0;0,552717832;0,004056466;0,136626069;0,05163506;0,009737683;0,040007691;0,319014595;0,65413246;0,385519097;0,063351307;0,295466308;0,73869168;0,339011132;1,238062425;2,25;0,43364978;5,394121165;1,295266902;0,000531599;0,002292755;0,023194447;0,00977303;0,030891767;0,368157511;0,177283213;0,600950722;0,083447936;34333,70819;189495,7567;1388,754;278,9152285;0,00085594;0,000841679;0,002763155;0,024255622;0,039944322;0,028332186;0,059062439;0,084030903;0,063144093;0,059339783;0,060233298;1,662158823;-0,022090458;0,015757693;4979,9;0,262132313;0,31365726;0,044989071;0,261486359;0,050239504;0,046325831;0,10070378;0,147632264;0,146612889;0,054500377;695,689;17646,45413;2,273746877;111342,5763;319662,6285;30879,04584;13,86650916;61049,574;6523,144447;0,032828262;0,025679464;0,170650412;2061589,7;0,333842454;326055,8811;521165,8228
23;0;0;0;0;0;0;0;0;0;0;0;0;0;0;1;0;0;0;0;0;0;0;0;0;0;0;0;0;0;0;0;0;0;0;0;1;0;0;0;1;1;1;1;0;0;0;0;0;0;0;9;5;0,212118017;0,212118017;0,03505555;0,011905616;0,704664081;1,115243217;1,210048666;1,066400274;0,819110592;0;-0,012879725;0,00902717;0,004462905;-0,015515211;0,090266909;0,012595528;0,025525694;0,795641098;0,000563227;0,005337409;0,060713275;0,116357823;0,087956921;0,065385564;0,00465333;0,153720516;0,011905171;0,011951317;0,115150598;0,067460204;0,147324781;0,128779091;0,089354683;0,041783444;0,342946642;0,028708435;0,013333906;0,073444596;0,016242953;0,019720754;0,082025023;0,04558401;0,157826398;0,064367128;0,114016713;1,466063503;0,725394139;0,485850609;0,514149391;0,001764142;0,001599863;0,001138227;30131151,87;0,073574281;1,00193423;0,978256398;0,920705046;0,133358915;0,096204286;0,158464155;0,098659455;0,176293688;0,001283567;0,005316489;0,231210084;0,404710325;0,162270593;0,062245166;0,026245825;0,39162358;0,218148972;0,062454127;0,466147131;0,212118017;36842,56794;0;2928,151;5291,588616;542552,56;13984,91277;0;6310,339818;984,529;-5024,5;530,975762;-3105,406742;6463,79379;-402,2879239;1489,618953;2,231969874;2,162021362;18,775;1,622447685;0,015048544;0,76281772;0,708111099;0,920816578;0,531250939;0,007777866;0,037438356;-0,015093427;-0,029423249;1138,450339;0,081066723;0,200495831;0,23793198;0,254168913;1583,32565;0,00588717;16365,49821;333,7151033;304,2171046;0,656403941;153,697;0,423224949;42221,54604;12005,40158;30216,14447;90,22703239;72,6961705;534194,9684;1464,861;75,46441654;0;19,88269667;4,652886796;946,3528043;488,5830729;457,8608545;376,3086791;112,7618598;53,36135645;11606,34549;0;9356,060202;2444486,973;89728,59441;697,446236;28126,34969;26042,12061;392894,9659;29900,3;638438,2;61844,7;2287,536143;-18423,7;0,009896413;0,008833516;0,055488581;0,038818082;0,151851887;0,064016802;-0,059016669;0,006008817;0,00397926;2,60E-06;9,616397521;8,1953247;10,76889876;11,2176245;0,443225702;0;0,552717832;0,004056466;0,136626069;0,05163506;0,009737683;0,040007691;0,319014595;0,65413246;0,385519097;0,063351307;0,295466308;0,73869168;0,339011132;1,238062425;2,25;0,43364978;5,394121165;1,295266902;0,000531599;0,002292755;0,023194447;0,00977303;0,030891767;0,368157511;0,177283213;0,600950722;0,083447936;35793,22359;198970,5445;1388,754;287,476082;0,00085594;0,000841679;0,002763155;0,024255622;0,039944322;0,028332186;0,059062439;0,084030903;0,063144093;0,059339783;0,060233298;1,662158823;-0,022090458;0,015757693;4979,9;0,262132313;0,31365726;0,044989071;0,261486359;0,050239504;0,046325831;0,10070378;0,147632264;0,146612889;0,054500377;695,689;17646,45413;2,341959283;115200,9824;329252,5074;30879,04584;13,86724614;62549,7873;6523,144447;0,032828262;0,025679464;0,170650412;2129402,696;0,333842454;335837,5576;544878,8677
24;0;0;0;0;0;0;0;0;0;0;0;0;0;0;1;0;0;0;0;0;0;0;0;0;0;0;0;0;0;0;0;0;0;0;0;1;0;0;0;1;1;1;1;0;0;0;0;0;0;0;9;5;0,212118017;0,212118017;0,03505555;0,011905616;0,704664081;1,115243217;1,210048666;1,066400274;0,819110592;0;-0,012879725;0,00902717;0,004462905;-0,015515211;0,090266909;0,012595528;0,025525694;0,795641098;0,000563227;0,005337409;0,060713275;0,116357823;0,087956921;0,065385564;0,00465333;0,153720516;0,011905171;0,011951317;0,115150598;0,067460204;0,147324781;0,128779091;0,089354683;0,041783444;0,342946642;0,028708435;0,013333906;0,073444596;0,016242953;0,019720754;0,082025023;0,04558401;0,157826398;0,064367128;0,114016713;1,466063503;0,725394139;0,485850609;0,514149391;0,001764142;0,001599863;0,001138227;31259864,82;0,073574281;1,00193423;0,978256398;0,920705046;0,133358915;0,096204286;0,158464155;0,098659455;0,176293688;0,001283567;0,005316489;0,231210084;0,404710325;0,162270593;0,062245166;0,026245825;0,39162358;0,218148972;0,062454127;0,466147131;0,212118017;38316,27066;0;2928,151;5508,543749;564797,3831;14558,29419;0;6310,339818;984,529;-5024,5;530,975762;-3105,406742;6463,79379;-402,2879239;1489,618953;2,265449422;2,194451682;18,775;1,64686316;0,015048544;0,774259986;0,718732766;0,934628827;0,531250939;0,007777866;0,037438356;-0,015093427;-0,029423249;1149,834843;0,081066723;0,200495831;0,23793198;0,254168913;1583,32565;0,00588717;16547,52545;338,7208298;304,2171046;0,656403941;153,697;0,423224949;42390,47839;11956,91964;30433,55875;91,58043787;72,6961705;558500,8394;1464,861;75,46441654;0;19,88269667;4,652886796;960,5480964;488,5830729;464,7287673;376,3086791;114,4532877;53,36135645;12070,59931;0;9730,30261;2523494,939;93317,73819;697,446236;28733,96852;27606,70158;409003,7812;29900,3;638438,2;61844,7;2287,536143;-18423,7;0,009896413;0,008833516;0,055488581;0,038818082;0,151851887;0,064016802;-0,059016669;0,006008817;0,00397926;2,60E-06;9,616397521;8,1953247;10,76889876;11,2176245;0,443225702;0;0,552717832;0,004056466;0,136626069;0,05163506;0,009737683;0,040007691;0,319014595;0,65413246;0,385519097;0,063351307;0,295466308;0,73869168;0,339011132;1,238062425;2,25;0,43364978;5,394121165;1,295266902;0,000531599;0,002292755;0,023194447;0,00977303;0,030891767;0,368157511;0,177283213;0,600950722;0,083447936;37314,78253;208919,0718;1388,754;296,2996935;0,00085594;0,000841679;0,002763155;0,024255622;0,039944322;0,028332186;0,059062439;0,084030903;0,063144093;0,059339783;0,060233298;1,662158823;-0,022090458;0,015757693;4979,9;0,262132313;0,31365726;0,044989071;0,261486359;0,050239504;0,046325831;0,10070378;0,147632264;0,146612889;0,054500377;695,689;17646,45413;2,412218061;119193,0956;339130,0826;30879,04584;13,86798315;64086,86637;6523,144447;0,032828262;0,025679464;0,170650412;2195753,305;0,333842454;345912,6843;569670,8562
25;0;0;0;0;0;0;0;0;0;0;0;0;0;0;1;0;0;0;0;0;0;0;0;0;0;0;0;0;0;0;0;0;0;0;0;1;0;0;0;1;1;1;1;0;0;0;0;0;0;0;9;5;0,212118017;0,212118017;0,03505555;0,011905616;0,704664081;1,115243217;1,210048666;1,066400274;0,819110592;0;-0,012879725;0,00902717;0,004462905;-0,015515211;0,090266909;0,012595528;0,025525694;0,795641098;0,000563227;0,005337409;0,060713275;0,116357823;0,087956921;0,065385564;0,00465333;0,153720516;0,011905171;0,011951317;0,115150598;0,067460204;0,147324781;0,128779091;0,089354683;0,041783444;0,342946642;0,028708435;0,013333906;0,073444596;0,016242953;0,019720754;0,082025023;0,04558401;0,157826398;0,064367128;0,114016713;1,466063503;0,725394139;0,485850609;0,514149391;0,001764142;0,001599863;0,001138227;32430859,36;0,073574281;1,00193423;0,978256398;0,920705046;0,133358915;0,096204286;0,158464155;0,098659455;0,176293688;0,001283567;0,005316489;0,231210084;0,404710325;0,162270593;0,062245166;0,026245825;0,39162358;0,218148972;0,062454127;0,466147131;0,212118017;39848,92148;0;2928,151;5734,394043;587954,2439;15155,18426;0;6310,339818;984,529;-5024,5;530,975762;-3105,406742;6463,79379;-402,2879239;1489,618953;2,299431164;2,227368458;18,775;1,671646052;0,015048544;0,785873886;0,729513757;0,94864826;0,531250939;0,007777866;0,037438356;-0,015093427;-0,029423249;1161,333191;0,081066723;0,200495831;0,23793198;0,254168913;1583,32565;0,00588717;16728,59876;343,8016423;304,2171046;0,656403941;153,697;0,423224949;42547,66769;11910,48209;30637,18559;92,95414444;72,6961705;583912,6276;1464,861;75,46441654;0;19,88269667;4,652886796;974,9563178;488,5830729;471,6996989;376,3086791;116,170087;53,36135645;12553,42328;0;10119,51471;2605056,512;97050,44771;697,446236;29354,71385;29265,2808;425773,058;29900,3;638438,2;61844,7;2287,536143;-18423,7;0,009896413;0,008833516;0,055488581;0,038818082;0,151851887;0,064016802;-0,059016669;0,006008817;0,00397926;2,60E-06;9,616397521;8,1953247;10,76889876;11,2176245;0,443225702;0;0,552717832;0,004056466;0,136626069;0,05163506;0,009737683;0,040007691;0,319014595;0,65413246;0,385519097;0,063351307;0,295466308;0,73869168;0,339011132;1,238062425;2,25;0,43364978;5,394121165;1,295266902;0,000531599;0,002292755;0,023194447;0,00977303;0,030891767;0,368157511;0,177283213;0,600950722;0,083447936;38901,02248;219365,0254;1388,754;305,3941278;0,00085594;0,000841679;0,002763155;0,024255622;0,039944322;0,028332186;0,059062439;0,084030903;0,063144093;0,059339783;0,060233298;1,662158823;-0,022090458;0,015757693;4979,9;0,262132313;0,31365726;0,044989071;0,261486359;0,050239504;0,046325831;0,10070378;0,147632264;0,146612889;0,054500377;695,689;17646,45413;2,484584603;123323,5494;349303,9851;30879,04584;13,86872021;65661,71714;6523,144447;0,032828262;0,025679464;0,170650412;2264376,237;0,333842454;356290,0648;595590,8802
26;0;0;0;0;0;0;0;0;0;0;0;0;0;0;1;0;0;0;0;0;0;0;0;0;0;0;0;0;0;0;0;0;0;0;0;1;0;0;0;1;1;1;1;0;0;0;0;0;0;0;9;5;0,212118017;0,212118017;0,03505555;0,011905616;0,704664081;1,115243217;1,210048666;1,066400274;0,819110592;0;-0,012879725;0,00902717;0,004462905;-0,015515211;0,090266909;0,012595528;0,025525694;0,795641098;0,000563227;0,005337409;0,060713275;0,116357823;0,087956921;0,065385564;0,00465333;0,153720516;0,011905171;0,011951317;0,115150598;0,067460204;0,147324781;0,128779091;0,089354683;0,041783444;0,342946642;0,028708435;0,013333906;0,073444596;0,016242953;0,019720754;0,082025023;0,04558401;0,157826398;0,064367128;0,114016713;1,466063503;0,725394139;0,485850609;0,514149391;0,001764142;0,001599863;0,001138227;33645719,35;0,073574281;1,00193423;0,978256398;0,920705046;0,133358915;0,096204286;0,158464155;0,098659455;0,176293688;0,001283567;0,005316489;0,231210084;0,404710325;0,162270593;0,062245166;0,026245825;0,39162358;0,218148972;0,062454127;0,466147131;0,212118017;41442,87834;0;2928,151;5969,504199;612060,536;15776,54681;0;6310,339818;984,529;-5024,5;530,975762;-3105,406742;6463,79379;-402,2879239;1489,618953;2,333922631;2,260778985;18,775;1,696801891;0,015048544;0,797661994;0,740456463;0,962877983;0,531250939;0,007777866;0,037438356;-0,015093427;-0,029423249;1172,946523;0,081066723;0,200495831;0,23793198;0,254168913;1583,32565;0,00588717;16908,64234;348,9586669;304,2171046;0,656403941;153,697;0,423224949;42693,01591;11866,28293;30826,73299;94,34845661;72,6961705;610480,6522;1464,861;75,46441654;0;19,88269667;4,652886796;989,5806626;488,5830729;478,7751943;376,3086791;117,9126383;53,36135645;13055,56022;0;10524,2953;2689254,226;100932,4656;697,446236;29988,86926;31023,50557;443229,8751;29900,3;638438,2;61844,7;2287,536143;-18423,7;0,009896413;0,008833516;0,055488581;0,038818082;0,151851887;0,064016802;-0,059016669;0,006008817;0,00397926;2,60E-06;9,616397521;8,1953247;10,76889876;11,2176245;0,443225702;0;0,552717832;0,004056466;0,136626069;0,05163506;0,009737683;0,040007691;0,319014595;0,65413246;0,385519097;0,063351307;0,295466308;0,73869168;0,339011132;1,238062425;2,25;0,43364978;5,394121165;1,295266902;0,000531599;0,002292755;0,023194447;0,00977303;0,030891767;0,368157511;0,177283213;0,600950722;0,083447936;40554,69301;230333,2766;1388,754;314,7676974;0,00085594;0,000841679;0,002763155;0,024255622;0,039944322;0,028332186;0,059062439;0,084030903;0,063144093;0,059339783;0,060233298;1,662158823;-0,022090458;0,015757693;4979,9;0,262132313;0,31365726;0,044989071;0,261486359;0,050239504;0,046325831;0,10070378;0,147632264;0,146612889;0,054500377;695,689;17646,45413;2,559122141;127597,1378;359783,1047;30879,04584;13,8694573;67275,26782;6523,144447;0,032828262;0,025679464;0,170650412;2338466,415;0,333842454;366978,7668;622690,2652
27;0;0;0;0;0;0;0;0;0;0;0;0;0;0;1;0;0;0;0;0;0;0;0;0;0;0;0;0;0;0;0;0;0;0;0;1;0;0;0;1;1;1;1;0;0;0;0;0;0;0;9;5;0,212118017;0,212118017;0,03505555;0,011905616;0,704664081;1,115243217;1,210048666;1,066400274;0,819110592;0;-0,012879725;0,00902717;0,004462905;-0,015515211;0,090266909;0,012595528;0,025525694;0,795641098;0,000563227;0,005337409;0,060713275;0,116357823;0,087956921;0,065385564;0,00465333;0,153720516;0,011905171;0,011951317;0,115150598;0,067460204;0,147324781;0,128779091;0,089354683;0,041783444;0,342946642;0,028708435;0,013333906;0,073444596;0,016242953;0,019720754;0,082025023;0,04558401;0,157826398;0,064367128;0,114016713;1,466063503;0,725394139;0,485850609;0,514149391;0,001764142;0,001599863;0,001138227;34906088;0,073574281;1,00193423;0,978256398;0,920705046;0,133358915;0,096204286;0,158464155;0,098659455;0,176293688;0,001283567;0,005316489;0,231210084;0,404710325;0,162270593;0,062245166;0,026245825;0,39162358;0,218148972;0,062454127;0,466147131;0,212118017;43100,59348;0;2928,151;6214,253871;637155,1861;16423,38523;0;6310,339818;984,529;-5024,5;530,975762;-3105,406742;6463,79379;-402,2879239;1489,618953;2,36893147;2,294690669;18,775;1,722336288;0,015048544;0,809626924;0,75156331;0,977321153;0,531250939;0,007777866;0,037438356;-0,015093427;-0,029423249;1184,675988;0,081066723;0,200495831;0,23793198;0,254168913;1583,32565;0,00588717;17087,5801;354,1930469;304,2171046;0,656403941;153,697;0,423224949;42826,43738;11824,50872;31001,92866;95,76368346;72,6961705;638257,5218;1464,861;75,46441654;0;19,88269667;4,652886796;1004,424373;488,5830729;485,9568223;376,3086791;119,6813278;53,36135645;13577,78263;0;10945,26712;2776173,285;104969,7642;697,446236;30636,72445;32887,36248;461402,4217;29900,3;638438,2;61844,7;2287,536143;-18423,7;0,009896413;0,008833516;0,055488581;0,038818082;0,151851887;0,064016802;-0,059016669;0,006008817;0,00397926;2,60E-06;9,616397521;8,1953247;10,76889876;11,2176245;0,443225702;0;0,552717832;0,004056466;0,136626069;0,05163506;0,009737683;0,040007691;0,319014595;0,65413246;0,385519097;0,063351307;0,295466308;0,73869168;0,339011132;1,238062425;2,25;0,43364978;5,394121165;1,295266902;0,000531599;0,002292755;0,023194447;0,00977303;0,030891767;0,368157511;0,177283213;0,600950722;0,083447936;42278,66056;241849,9405;1388,754;324,4289697;0,00085594;0,000841679;0,002763155;0,024255622;0,039944322;0,028332186;0,059062439;0,084030903;0,063144093;0,059339783;0,060233298;1,662158823;-0,022090458;0,015757693;4979,9;0,262132313;0,31365726;0,044989071;0,261486359;0,050239504;0,046325831;0,10070378;0,147632264;0,146612889;0,054500377;695,689;17646,45413;2,635895805;132018,8208;370576,5978;30879,04584;13,87019443;68928,46938;6523,144447;0,032828262;0,025679464;0,170650412;2411697,541;0,333842454;377988,1298;651022,6723
28;0;0;0;0;0;0;0;0;0;0;0;0;0;0;1;0;0;0;0;0;0;0;0;0;0;0;0;0;0;0;0;0;0;0;0;1;0;0;0;1;1;1;1;0;0;0;0;0;0;0;9;5;0,212118017;0,212118017;0,03505555;0,011905616;0,704664081;1,115243217;1,210048666;1,066400274;0,819110592;0;-0,012879725;0,00902717;0,004462905;-0,015515211;0,090266909;0,012595528;0,025525694;0,795641098;0,000563227;0,005337409;0,060713275;0,116357823;0,087956921;0,065385564;0,00465333;0,153720516;0,011905171;0,011951317;0,115150598;0,067460204;0,147324781;0,128779091;0,089354683;0,041783444;0,342946642;0,028708435;0,013333906;0,073444596;0,016242953;0,019720754;0,082025023;0,04558401;0,157826398;0,064367128;0,114016713;1,466063503;0,725394139;0,485850609;0,514149391;0,001764142;0,001599863;0,001138227;36213670,06;0,073574281;1,00193423;0,978256398;0,920705046;0,133358915;0,096204286;0,158464155;0,098659455;0,176293688;0,001283567;0,005316489;0,231210084;0,404710325;0,162270593;0,062245166;0,026245825;0,39162358;0,218148972;0,062454127;0,466147131;0,212118017;44824,61722;0;2928,151;6469,03828;663278,7168;17096,74402;0;6310,339818;984,529;-5024,5;530,975762;-3105,406742;6463,79379;-402,2879239;1489,618953;2,404465442;2,329111029;18,775;1,748254941;0,015048544;0,821771328;0,76283676;0,99198097;0,531250939;0,007777866;0,037438356;-0,015093427;-0,029423249;1196,522748;0,081066723;0,200495831;0,23793198;0,254168913;1583,32565;0,00588717;17265,33573;359,5059426;304,2171046;0,656403941;153,697;0,423224949;42947,85892;11785,33816;31162,52076;97,20013871;72,6961705;667298,2391;1464,861;75,46441654;0;19,88269667;4,652886796;1019,490738;488,5830729;493,2461746;376,3086791;121,4765478;53,36135645;14120,89393;0;11383,0778;2865901,644;109168,5548;697,446236;31298,57538;34863,19779;480320,0427;29900,3;638438,2;61844,7;2287,536143;-18423,7;0,009896413;0,008833516;0,055488581;0,038818082;0,151851887;0,064016802;-0,059016669;0,006008817;0,00397926;2,60E-06;9,616397521;8,1953247;10,76889876;11,2176245;0,443225702;0;0,552717832;0,004056466;0,136626069;0,05163506;0,009737683;0,040007691;0,319014595;0,65413246;0,385519097;0,063351307;0,295466308;0,73869168;0,339011132;1,238062425;2,25;0,43364978;5,394121165;1,295266902;0,000531599;0,002292755;0,023194447;0,00977303;0,030891767;0,368157511;0,177283213;0,600950722;0,083447936;44075,91344;253942,4375;1388,754;334,3867753;0,00085594;0,000841679;0,002763155;0,024255622;0,039944322;0,028332186;0,059062439;0,084030903;0,063144093;0,059339783;0,060233298;1,662158823;-0,022090458;0,015757693;4979,9;0,262132313;0,31365726;0,044989071;0,261486359;0,050239504;0,046325831;0,10070378;0,147632264;0,146612889;0,054500377;695,689;17646,45413;2,71497268;136593,7304;381693,8957;30879,04584;13,87093161;70622,29621;6523,144447;0,032828262;0,025679464;0,170650412;2485691,805;0,333842454;389327,7736;680644,2039
29;0;0;0;0;0;0;0;0;0;0;0;0;0;0;1;0;0;0;0;0;0;0;0;0;0;0;0;0;0;0;0;0;0;0;0;1;0;0;0;1;1;1;1;0;0;0;0;0;0;0;9;5;0,212118017;0,212118017;0,03505555;0,011905616;0,704664081;1,115243217;1,210048666;1,066400274;0,819110592;0;-0,012879725;0,00902717;0,004462905;-0,015515211;0,090266909;0,012595528;0,025525694;0,795641098;0,000563227;0,005337409;0,060713275;0,116357823;0,087956921;0,065385564;0,00465333;0,153720516;0,011905171;0,011951317;0,115150598;0,067460204;0,147324781;0,128779091;0,089354683;0,041783444;0,342946642;0,028708435;0,013333906;0,073444596;0,016242953;0,019720754;0,082025023;0,04558401;0,157826398;0,064367128;0,114016713;1,466063503;0,725394139;0,485850609;0,514149391;0,001764142;0,001599863;0,001138227;37570234,14;0,073574281;1,00193423;0,978256398;0,920705046;0,133358915;0,096204286;0,158464155;0,098659455;0,176293688;0,001283567;0,005316489;0,231210084;0,404710325;0,162270593;0,062245166;0,026245825;0,39162358;0,218148972;0,062454127;0,466147131;0,212118017;46617,6019;0;2928,151;6734,268849;690473,3123;17797,71053;0;6310,339818;984,529;-5024,5;530,975762;-3105,406742;6463,79379;-402,2879239;1489,618953;2,440532424;2,364047695;18,775;1,774563632;0,015048544;0,834097898;0,774279312;1,006860685;0,531250939;0,007777866;0,037438356;-0,015093427;-0,029423249;1208,487976;0,081066723;0,200495831;0,23793198;0,254168913;1583,32565;0,00588717;17441,83272;364,8985317;304,2171046;0,656403941;153,697;0,423224949;43057,21999;11748,94152;31308,27847;98,65814079;72,6961705;697660,309;1464,861;75,46441654;0;19,88269667;4,652886796;1034,783099;488,5830729;500,6448672;376,3086791;123,298696;53,36135645;14685,72969;0;11838,40091;2958530,102;113535,297;697,446236;31974,7244;36957,73905;500013,2862;29900,3;638438,2;61844,7;2287,536143;-18423,7;0,009896413;0,008833516;0,055488581;0,038818082;0,151851887;0,064016802;-0,059016669;0,006008817;0,00397926;2,60E-06;9,616397521;8,1953247;10,76889876;11,2176245;0,443225702;0;0,552717832;0,004056466;0,136626069;0,05163506;0,009737683;0,040007691;0,319014595;0,65413246;0,385519097;0,063351307;0,295466308;0,73869168;0,339011132;1,238062425;2,25;0,43364978;5,394121165;1,295266902;0,000531599;0,002292755;0,023194447;0,00977303;0,030891767;0,368157511;0,177283213;0,600950722;0,083447936;45949,56699;266639,5593;1388,754;344,6502157;0,00085594;0,000841679;0,002763155;0,024255622;0,039944322;0,028332186;0,059062439;0,084030903;0,063144093;0,059339783;0,060233298;1,662158823;-0,022090458;0,015757693;4979,9;0,262132313;0,31365726;0,044989071;0,261486359;0,050239504;0,046325831;0,10070378;0,147632264;0,146612889;0,054500377;695,689;17646,45413;2,79642186;141327,1765;393144,7126;30879,04584;13,87166882;72357,74661;6523,144447;0,032828262;0,025679464;0,170650412;2565349,042;0,333842454;401007,6069;711613,5151
30;0;0;0;0;0;0;0;0;0;0;0;0;0;0;1;0;0;0;0;0;0;0;0;0;0;0;0;0;0;0;0;0;0;0;0;1;0;0;0;1;1;1;1;0;0;0;0;0;0;0;9;5;0,212118017;0,212118017;0,03505555;0,011905616;0,704664081;1,115243217;1,210048666;1,066400274;0,819110592;0;-0,012879725;0,00902717;0,004462905;-0,015515211;0,090266909;0,012595528;0,025525694;0,795641098;0,000563227;0,005337409;0,060713275;0,116357823;0,087956921;0,065385564;0,00465333;0,153720516;0,011905171;0,011951317;0,115150598;0,067460204;0,147324781;0,128779091;0,089354683;0,041783444;0,342946642;0,028708435;0,013333906;0,073444596;0,016242953;0,019720754;0,082025023;0,04558401;0,157826398;0,064367128;0,114016713;1,466063503;0,725394139;0,485850609;0,514149391;0,001764142;0,001599863;0,001138227;38977615,11;0,073574281;1,00193423;0,978256398;0,920705046;0,133358915;0,096204286;0,158464155;0,098659455;0,176293688;0,001283567;0,005316489;0,231210084;0,404710325;0,162270593;0,062245166;0,026245825;0,39162358;0,218148972;0,062454127;0,466147131;0,212118017;48482,30598;0;2928,151;7010,373872;718782,8862;18527,41666;0;6310,339818;984,529;-5024,5;530,975762;-3105,406742;6463,79379;-402,2879239;1489,618953;2,47714041;2,39950841;18,775;1,80126823;0,015048544;0,846609366;0,785893501;1,021963595;0,531250939;0,007777866;0,037438356;-0,015093427;-0,029423249;1220,572856;0,081066723;0,200495831;0,23793198;0,254168913;1583,32565;0,00588717;17616,99445;370,3720097;304,2171046;0,656403941;153,697;0,423224949;43154,47282;11715,48025;31438,99257;100,1380129;72,6961705;729403,853;1464,861;75,46441654;0;19,88269667;4,652886796;1050,304846;488,5830729;508,1545402;376,3086791;125,1481764;53,36135645;15273,15887;0;12311,93695;3054152,393;118076,7089;697,446236;32665,48039;39178,11795;520513,9527;29900,3;638438,2;61844,7;2287,536143;-18423,7;0,009896413;0,008833516;0,055488581;0,038818082;0,151851887;0,064016802;-0,059016669;0,006008817;0,00397926;2,60E-06;9,616397521;8,1953247;10,76889876;11,2176245;0,443225702;0;0,552717832;0,004056466;0,136626069;0,05163506;0,009737683;0,040007691;0,319014595;0,65413246;0,385519097;0,063351307;0,295466308;0,73869168;0,339011132;1,238062425;2,25;0,43364978;5,394121165;1,295266902;0,000531599;0,002292755;0,023194447;0,00977303;0,030891767;0,368157511;0,177283213;0,600950722;0,083447936;47902,86897;279971,5373;1388,754;355,2286717;0,00085594;0,000841679;0,002763155;0,024255622;0,039944322;0,028332186;0,059062439;0,084030903;0,063144093;0,059339783;0,060233298;1,662158823;-0,022090458;0,015757693;4979,9;0,262132313;0,31365726;0,044989071;0,261486359;0,050239504;0,046325831;0,10070378;0,147632264;0,146612889;0,054500377;695,689;17646,45413;2,880314516;146224,6529;404939,054;30879,04584;13,87240607;74135,84343;6523,144447;0,032828262;0,025679464;0,170650412;2644634,136;0,333842454;413037,8351;743991,9301
31;0;0;0;0;0;0;0;0;0;0;0;0;0;0;1;0;0;0;0;0;0;0;0;0;0;0;0;0;0;0;0;0;0;0;0;1;0;0;0;1;1;1;1;0;0;0;0;0;0;0;9;5;0,212118017;0,212118017;0,03505555;0,011905616;0,704664081;1,115243217;1,210048666;1,066400274;0,819110592;0;-0,012879725;0,00902717;0,004462905;-0,015515211;0,090266909;0,012595528;0,025525694;0,795641098;0,000563227;0,005337409;0,060713275;0,116357823;0,087956921;0,065385564;0,00465333;0,153720516;0,011905171;0,011951317;0,115150598;0,067460204;0,147324781;0,128779091;0,089354683;0,041783444;0,342946642;0,028708435;0,013333906;0,073444596;0,016242953;0,019720754;0,082025023;0,04558401;0,157826398;0,064367128;0,114016713;1,466063503;0,725394139;0,485850609;0,514149391;0,001764142;0,001599863;0,001138227;40437716,57;0,073574281;1,00193423;0,978256398;0,920705046;0,133358915;0,096204286;0,158464155;0,098659455;0,176293688;0,001283567;0,005316489;0,231210084;0,404710325;0,162270593;0,062245166;0,026245825;0,39162358;0,218148972;0,062454127;0,466147131;0,212118017;50421,59822;0;2928,151;7297,799201;748253,1526;19287,04074;0;6310,339818;984,529;-5024,5;530,975762;-3105,406742;6463,79379;-402,2879239;1489,618953;2,514297517;2,435501036;18,775;1,828374694;0,015048544;0,859308507;0,797681904;1,037293049;0,531250939;0,007777866;0,037438356;-0,015093427;-0,029423249;1232,778584;0,081066723;0,200495831;0,23793198;0,254168913;1583,32565;0,00588717;17790,74419;375,9275899;304,2171046;0,656403941;153,697;0,423224949;43239,58249;11685,10651;31554,47599;101,6400831;72,6961705;762591,7283;1464,861;75,46441654;0;19,88269667;4,652886796;1066,059418;488,5830729;515,7768583;376,3086791;127,0253991;53,36135645;15884,08523;0;12804,41443;3152865,281;122799,7772;697,446236;33371,15891;41531,8947;541855,1465;29900,3;638438,2;61844,7;2287,536143;-18423,7;0,009896413;0,008833516;0,055488581;0,038818082;0,151851887;0,064016802;-0,059016669;0,006008817;0,00397926;2,60E-06;9,616397521;8,1953247;10,76889876;11,2176245;0,443225702;0;0,552717832;0,004056466;0,136626069;0,05163506;0,009737683;0,040007691;0,319014595;0,65413246;0,385519097;0,063351307;0,295466308;0,73869168;0,339011132;1,238062425;2,25;0,43364978;5,394121165;1,295266902;0,000531599;0,002292755;0,023194447;0,00977303;0,030891767;0,368157511;0,177283213;0,600950722;0,083447936;49939,20523;293970,1142;1388,754;366,1318122;0,00085594;0,000841679;0,002763155;0,024255622;0,039944322;0,028332186;0,059062439;0,084030903;0,063144093;0,059339783;0,060233298;1,662158823;-0,022090458;0,015757693;4979,9;0,262132313;0,31365726;0,044989071;0,261486359;0,050239504;0,046325831;0,10070378;0,147632264;0,146612889;0,054500377;695,689;17646,45413;2,966723951;151291,8438;417087,2256;30879,04584;13,87314336;75957,63465;6523,144447;0,032828262;0,025679464;0,170650412;2725449,551;0,333842454;425428,9701;777843,5629
